Compilación iniciada a las 27/11/2025 10:17:01 p. m..
El nivel de detalle de registro está establecido en Detailed.     0>Proceso: "C:\Program Files\dotnet\dotnet.exe"
       Ruta de acceso al ejecutable de MSBuild: "C:\Program Files\dotnet\sdk\9.0.201\MSBuild.dll"
       Argumentos de la línea de comandos: "C:\Program Files\dotnet\sdk\9.0.201\MSBuild.dll -maxcpucount -verbosity:m -tlp:default=auto -nologo -restore -consoleloggerparameters:Summary NoFences.csproj /fl /flp:logfile=build.log -distributedlogger:Microsoft.DotNet.Tools.MSBuild.MSBuildLogger,C:\Program Files\dotnet\sdk\9.0.201\dotnet.dll*Microsoft.DotNet.Tools.MSBuild.MSBuildForwardingLogger,C:\Program Files\dotnet\sdk\9.0.201\dotnet.dll"
       Directorio actual: "D:\PROGRAMAS_MIOS\NoFences\NoFences"
       Versión de MSBuild: "17.13.13+1c2026462"
       De acuerdo con la clave del Registro de Windows LongPathsEnabled, la característica LongPaths está habilitada.
       Según la clave del Registro de Windows VerifiedAndReputablePolicyState, estado SAC = 0: desactivado.
       El SDK "Microsoft.NET.Sdk" se resolvió correctamente mediante el resolvedor "DefaultSdkResolver" a la ubicación "C:\Program Files\dotnet\sdk\9.0.201\Sdks\Microsoft.NET.Sdk\Sdk" y la versión "".
       C:\Program Files\dotnet\sdk\9.0.201\Sdks\Microsoft.NET.Sdk\Sdk\Sdk.props(49,11): message : Propiedad "MSBuildExtensionsPath" con el valor "C:\Program Files\dotnet\sdk\9.0.201\" expandido desde el entorno.
       Reasignación de propiedad: $(MSBuildProjectExtensionsPath)="D:\PROGRAMAS_MIOS\NoFences\NoFences\obj\" (valor anterior: "obj\") en C:\Program Files\dotnet\sdk\9.0.201\Current\Microsoft.Common.props (60,5)
       C:\Program Files\dotnet\sdk\9.0.201\Current\Microsoft.Common.props(84,119): message : Propiedad "MSBuildUserExtensionsPath" con el valor "C:\Users\Notbanzz\AppData\Local\Microsoft\MSBuild" expandido desde el entorno.
       Reasignación de propiedad: $(AssemblySearchPaths)="{CandidateAssemblyFiles};{HintPathFromItem}" (valor anterior: "{CandidateAssemblyFiles}") en C:\Program Files\dotnet\sdk\9.0.201\Sdks\Microsoft.NET.Sdk\targets\Microsoft.NET.Sdk.props (90,5)
       Reasignación de propiedad: $(AssemblySearchPaths)="{CandidateAssemblyFiles};{HintPathFromItem};{TargetFrameworkDirectory}" (valor anterior: "{CandidateAssemblyFiles};{HintPathFromItem}") en C:\Program Files\dotnet\sdk\9.0.201\Sdks\Microsoft.NET.Sdk\targets\Microsoft.NET.Sdk.props (91,5)
       Reasignación de propiedad: $(AssemblySearchPaths)="{CandidateAssemblyFiles};{HintPathFromItem};{TargetFrameworkDirectory};{RawFileName}" (valor anterior: "{CandidateAssemblyFiles};{HintPathFromItem};{TargetFrameworkDirectory}") en C:\Program Files\dotnet\sdk\9.0.201\Sdks\Microsoft.NET.Sdk\targets\Microsoft.NET.Sdk.props (92,5)
       El solucionador "DefaultSdkResolver" intentó resolver el SDK "Microsoft.NET.SDK.WorkloadAutoImportPropsLocator".
       Advertencias: null
       Errores: MSB4276: La resolución predeterminada del SDK no pudo resolver el SDK "Microsoft.NET.SDK.WorkloadAutoImportPropsLocator" porque el directorio "C:\Program Files\dotnet\sdk\9.0.201\Sdks\Microsoft.NET.SDK.WorkloadAutoImportPropsLocator\Sdk" no existía.
       Ensamblado cargado durante Evaluation: Microsoft.Build.NuGetSdkResolver, Version=6.13.1.1, Culture=neutral, PublicKeyToken=31bf3856ad364e35(ubicación: C:\Program Files\dotnet\sdk\9.0.201\Microsoft.Build.NuGetSdkResolver.dll, MVID: 289be7f8-a147-4816-b424-394c9194c8fa, AssemblyLoadContext: MSBuild plugin C:\Program Files\dotnet\sdk\9.0.201\Microsoft.Build.NuGetSdkResolver.dll)
       Ensamblado cargado durante Evaluation: System.Reflection.Metadata, Version=9.0.0.0, Culture=neutral, PublicKeyToken=b03f5f7f11d50a3a(ubicación: C:\Program Files\dotnet\shared\Microsoft.NETCore.App\9.0.3\System.Reflection.Metadata.dll, MVID: 128be4f1-dda2-4991-a84d-0a8d1358a598, AssemblyLoadContext: Default)
       Ensamblado cargado durante Evaluation: NuGet.Common, Version=6.13.1.1, Culture=neutral, PublicKeyToken=31bf3856ad364e35(ubicación: C:\Program Files\dotnet\sdk\9.0.201\NuGet.Common.dll, MVID: 82763aec-c67f-4328-8a4d-e89de2a3e4dc, AssemblyLoadContext: MSBuild plugin C:\Program Files\dotnet\sdk\9.0.201\Microsoft.Build.NuGetSdkResolver.dll)
       Ensamblado cargado durante Evaluation: Microsoft.NET.Sdk.WorkloadMSBuildSdkResolver, Version=9.0.201.0, Culture=neutral, PublicKeyToken=31bf3856ad364e35(ubicación: C:\Program Files\dotnet\sdk\9.0.201\Microsoft.NET.Sdk.WorkloadMSBuildSdkResolver.dll, MVID: adc0c5b4-f18f-4e77-bd43-56f0a1cd4ff2, AssemblyLoadContext: MSBuild plugin C:\Program Files\dotnet\sdk\9.0.201\Microsoft.NET.Sdk.WorkloadMSBuildSdkResolver.dll)
       Ensamblado cargado durante Evaluation: Microsoft.DotNet.Cli.Utils, Version=9.0.201.0, Culture=neutral, PublicKeyToken=adb9793829ddae60(ubicación: C:\Program Files\dotnet\sdk\9.0.201\Microsoft.DotNet.Cli.Utils.dll, MVID: 5ed1d6ca-9c5e-4b19-8a6e-0365f0cb91de, AssemblyLoadContext: MSBuild plugin C:\Program Files\dotnet\sdk\9.0.201\Microsoft.NET.Sdk.WorkloadMSBuildSdkResolver.dll)
       Ensamblado cargado durante Evaluation: Microsoft.NET.Sdk.WorkloadManifestReader, Version=9.0.201.0, Culture=neutral, PublicKeyToken=adb9793829ddae60(ubicación: C:\Program Files\dotnet\sdk\9.0.201\Microsoft.NET.Sdk.WorkloadManifestReader.dll, MVID: fe08c29e-479b-47e1-8887-05a026315245, AssemblyLoadContext: MSBuild plugin C:\Program Files\dotnet\sdk\9.0.201\Microsoft.NET.Sdk.WorkloadMSBuildSdkResolver.dll)
       Ensamblado cargado durante Evaluation: Microsoft.Deployment.DotNet.Releases, Version=2.0.0.0, Culture=neutral, PublicKeyToken=31bf3856ad364e35(ubicación: C:\Program Files\dotnet\sdk\9.0.201\Microsoft.Deployment.DotNet.Releases.dll, MVID: 400d16c0-099c-46d2-bc0e-802a0637399b, AssemblyLoadContext: MSBuild plugin C:\Program Files\dotnet\sdk\9.0.201\Microsoft.NET.Sdk.WorkloadMSBuildSdkResolver.dll)
       Ensamblado cargado durante Evaluation: System.Numerics.Vectors, Version=9.0.0.0, Culture=neutral, PublicKeyToken=b03f5f7f11d50a3a(ubicación: C:\Program Files\dotnet\shared\Microsoft.NETCore.App\9.0.3\System.Numerics.Vectors.dll, MVID: 743ade52-2330-46c7-b563-1da9d937525f, AssemblyLoadContext: Default)
       El SDK "Microsoft.NET.SDK.WorkloadAutoImportPropsLocator" se resolvió correctamente mediante el resolvedor "Microsoft.DotNet.MSBuildWorkloadSdkResolver" a la ubicación "null" y la versión "null".
       Reasignación de propiedad: $(TargetsForTfmSpecificContentInPackage)=";PackTool;_PackProjectToolValidation" (valor anterior: ";PackTool") en C:\Program Files\dotnet\sdk\9.0.201\Sdks\Microsoft.NET.Sdk\targets\Microsoft.NET.PackProjectTool.props (15,5)
       Reasignación de propiedad: $(OutputType)="WinExe" (valor anterior: "Library") en D:\PROGRAMAS_MIOS\NoFences\NoFences\NoFences.csproj (4,5)
       Reasignación de propiedad: $(PublishProfileImported)="false" (valor anterior: "true") en C:\Program Files\dotnet\sdk\9.0.201\Sdks\Microsoft.NET.Sdk\targets\Microsoft.NET.Sdk.ImportPublishProfile.targets (28,5)
       Ensamblado cargado durante Evaluation: NuGet.Frameworks, Version=6.13.1.1, Culture=neutral, PublicKeyToken=31bf3856ad364e35(ubicación: C:\Program Files\dotnet\sdk\9.0.201\NuGet.Frameworks.dll, MVID: c6731e31-84cf-42b1-a40d-96c2afe511dc, AssemblyLoadContext: Assembly.LoadFile(C:\Program Files\dotnet\sdk\9.0.201\NuGet.Frameworks.dll))
       Reasignación de propiedad: $(TargetPlatformVersion)="" (valor anterior: "0.0") en C:\Program Files\dotnet\sdk\9.0.201\Sdks\Microsoft.NET.Sdk\targets\Microsoft.NET.TargetFrameworkInference.targets (69,5)
       Reasignación de propiedad: $(DefaultItemExcludes)=";bin\Debug\/**;obj\Debug\/**" (valor anterior: ";bin\Debug\/**") en C:\Program Files\dotnet\sdk\9.0.201\Sdks\Microsoft.NET.Sdk\targets\Microsoft.NET.DefaultOutputPaths.targets (122,5)
       Reasignación de propiedad: $(OutputPath)="bin\Debug\net48\" (valor anterior: "bin\Debug\") en C:\Program Files\dotnet\sdk\9.0.201\Sdks\Microsoft.NET.Sdk\targets\Microsoft.NET.DefaultOutputPaths.targets (137,5)
       Reasignación de propiedad: $(IntermediateOutputPath)="obj\Debug\net48\" (valor anterior: "obj\Debug\") en C:\Program Files\dotnet\sdk\9.0.201\Sdks\Microsoft.NET.Sdk\targets\Microsoft.NET.DefaultOutputPaths.targets (142,5)
       El solucionador "DefaultSdkResolver" intentó resolver el SDK "Microsoft.NET.SDK.WorkloadManifestTargetsLocator".
       Advertencias: null
       Errores: MSB4276: La resolución predeterminada del SDK no pudo resolver el SDK "Microsoft.NET.SDK.WorkloadManifestTargetsLocator" porque el directorio "C:\Program Files\dotnet\sdk\9.0.201\Sdks\Microsoft.NET.SDK.WorkloadManifestTargetsLocator\Sdk" no existía.
       El SDK "Microsoft.NET.SDK.WorkloadManifestTargetsLocator" se resolvió correctamente mediante el resolvedor "Microsoft.DotNet.MSBuildWorkloadSdkResolver" a la ubicación "C:\Program Files\dotnet\sdk-manifests\9.0.100\microsoft.net.sdk.android\35.0.39" y la versión "null".
       Reasignación de propiedad: $(RuntimeIdentifier)="win-x86" (valor anterior: "win7-x86") en C:\Program Files\dotnet\sdk\9.0.201\Sdks\Microsoft.NET.Sdk\targets\Microsoft.NET.RuntimeIdentifierInference.targets (63,5)
       Reasignación de propiedad: $(_FrameworkIdentifierForImplicitDefine)="NET" (valor anterior: "NETFRAMEWORK") en C:\Program Files\dotnet\sdk\9.0.201\Sdks\Microsoft.NET.Sdk\targets\Microsoft.NET.Sdk.BeforeCommon.targets (189,5)
       Reasignación de propiedad: $(_FrameworkVersionForImplicitDefine)="4_8" (valor anterior: "4.8") en C:\Program Files\dotnet\sdk\9.0.201\Sdks\Microsoft.NET.Sdk\targets\Microsoft.NET.Sdk.BeforeCommon.targets (192,5)
       Reasignación de propiedad: $(_FrameworkVersionForImplicitDefine)="48" (valor anterior: "4_8") en C:\Program Files\dotnet\sdk\9.0.201\Sdks\Microsoft.NET.Sdk\targets\Microsoft.NET.Sdk.BeforeCommon.targets (193,5)
       Reasignación de propiedad: $(CommandLineArgsForDesignTimeEvaluation)="-langversion:7.3 -define:TRACE" (valor anterior: "-langversion:7.3") en C:\Program Files\dotnet\sdk\9.0.201\Roslyn\Microsoft.CSharp.Core.targets (200,5)
       Reasignación de propiedad: $(AvailablePlatforms)="Any CPU,x86,x64,ARM64" (valor anterior: "Any CPU,x86,x64") en C:\Program Files\dotnet\sdk\9.0.201\Microsoft.NETFramework.CurrentVersion.props (117,5)
       Ensamblado cargado durante Evaluation: Microsoft.Build.Utilities.Core, Version=15.1.0.0, Culture=neutral, PublicKeyToken=b03f5f7f11d50a3a(ubicación: C:\Program Files\dotnet\sdk\9.0.201\Microsoft.Build.Utilities.Core.dll, MVID: 0192b251-c0f3-4b09-b3b8-6beae0945c17, AssemblyLoadContext: Default)
       Reasignación de propiedad: $(TargetPlatformIdentifier)="Windows" (valor anterior: "") en C:\Program Files\dotnet\sdk\9.0.201\Microsoft.Common.CurrentVersion.targets (89,5)
       Reasignación de propiedad: $(TargetPlatformVersion)="7.0" (valor anterior: "") en C:\Program Files\dotnet\sdk\9.0.201\Microsoft.Common.CurrentVersion.targets (90,5)
       Reasignación de propiedad: $(_DebugSymbolsProduced)="true" (valor anterior: "false") en C:\Program Files\dotnet\sdk\9.0.201\Microsoft.Common.CurrentVersion.targets (175,5)
       Reasignación de propiedad: $(_DocumentationFileProduced)="false" (valor anterior: "true") en C:\Program Files\dotnet\sdk\9.0.201\Microsoft.Common.CurrentVersion.targets (185,5)
       Reasignación de propiedad: $(MSBuildCopyMarkerName)="NoFences.csproj.Up2Date" (valor anterior: "NoFences.csproj") en C:\Program Files\dotnet\sdk\9.0.201\Microsoft.Common.CurrentVersion.targets (393,5)
       Reasignación de propiedad: $(DelaySign)="" (valor anterior: "false") en C:\Program Files\dotnet\sdk\9.0.201\Microsoft.Common.CurrentVersion.targets (580,5)
       C:\Program Files\dotnet\sdk\9.0.201\Microsoft.Common.CurrentVersion.targets(2590,5): message : Propiedad "LOCALAPPDATA" con el valor "C:\Users\Notbanzz\AppData\Local" expandido desde el entorno.
       Reasignación de propiedad: $(_SGenGenerateSerializationAssembliesConfig)="Auto" (valor anterior: "") en C:\Program Files\dotnet\sdk\9.0.201\Microsoft.Common.CurrentVersion.targets (3917,5)
       Reasignación de propiedad: $(_SGenGenerateSerializationAssembliesConfig)="Off" (valor anterior: "Auto") en C:\Program Files\dotnet\sdk\9.0.201\Microsoft.Common.CurrentVersion.targets (3918,5)
       Reasignación de propiedad: $(_TargetsThatPrepareProjectReferences)="
             AssignProjectConfiguration;
             _SplitProjectReferencesByFileExistence
           " (valor anterior: "_SplitProjectReferencesByFileExistence") en C:\Program Files\dotnet\sdk\9.0.201\Microsoft.Common.CurrentVersion.targets (5129,5)
       C:\Program Files\dotnet\sdk\9.0.201\Microsoft.Common.CurrentVersion.targets(6924,5): message : Propiedad "MSBuildExtensionsPath32" con el valor "C:\Program Files\dotnet\sdk\9.0.201" expandido desde el entorno.
       Reasignación de propiedad: $(ResolveReferencesDependsOn)="
             
             BeforeResolveReferences;
             AssignProjectConfiguration;
             ResolveProjectReferences;
             FindInvalidProjectReferences;
             ResolveNativeReferences;
             ResolveAssemblyReferences;
             GenerateBindingRedirects;
             GenerateBindingRedirectsUpdateAppConfig;
             ResolveComReferences;
             AfterResolveReferences
           ;
             ImplicitlyExpandDesignTimeFacades
           " (valor anterior: "
             BeforeResolveReferences;
             AssignProjectConfiguration;
             ResolveProjectReferences;
             FindInvalidProjectReferences;
             ResolveNativeReferences;
             ResolveAssemblyReferences;
             GenerateBindingRedirects;
             GenerateBindingRedirectsUpdateAppConfig;
             ResolveComReferences;
             AfterResolveReferences
           ") en C:\Program Files\dotnet\sdk\9.0.201\Microsoft.NETFramework.CurrentVersion.targets (74,5)
       Ensamblado cargado durante Evaluation: System.Threading.Tasks.Parallel, Version=9.0.0.0, Culture=neutral, PublicKeyToken=b03f5f7f11d50a3a(ubicación: C:\Program Files\dotnet\shared\Microsoft.NETCore.App\9.0.3\System.Threading.Tasks.Parallel.dll, MVID: 68965ee3-3cc1-479e-ad02-9f1d1109fa63, AssemblyLoadContext: Default)
       Reasignación de propiedad: $(ProjectAssetsFile)="D:\PROGRAMAS_MIOS\NoFences\NoFences\obj\project.assets.json" (valor anterior: "D:\PROGRAMAS_MIOS\NoFences\NoFences\obj\/project.assets.json") en C:\Program Files\dotnet\sdk\9.0.201\Sdks\Microsoft.NET.Sdk\targets\Microsoft.PackageDependencyResolution.targets (24,5)
       Reasignación de propiedad: $(ProjectAssetsCacheFile)="D:\PROGRAMAS_MIOS\NoFences\NoFences\obj\Debug\net48\NoFences.assets.cache" (valor anterior: "obj\Debug\net48\NoFences.assets.cache") en C:\Program Files\dotnet\sdk\9.0.201\Sdks\Microsoft.NET.Sdk\targets\Microsoft.PackageDependencyResolution.targets (29,5)
       Reasignación de propiedad: $(ResolveAssemblyReferencesDependsOn)="
             
             ResolveProjectReferences;
             FindInvalidProjectReferences;
             GetFrameworkPaths;
             GetReferenceAssemblyPaths;
             PrepareForBuild;
             ResolveSDKReferences;
             ExpandSDKReferences;
           ;
             ResolvePackageDependenciesForBuild;
             _HandlePackageFileConflicts;
           " (valor anterior: "
             ResolveProjectReferences;
             FindInvalidProjectReferences;
             GetFrameworkPaths;
             GetReferenceAssemblyPaths;
             PrepareForBuild;
             ResolveSDKReferences;
             ExpandSDKReferences;
           ") en C:\Program Files\dotnet\sdk\9.0.201\Sdks\Microsoft.NET.Sdk\targets\Microsoft.PackageDependencyResolution.targets (80,5)
       Reasignación de propiedad: $(PrepareResourcesDependsOn)="
             ResolvePackageDependenciesForBuild;
             _HandlePackageFileConflicts;
             
             ;
             PrepareResourceNames;
             ResGen;
             CompileLicxFiles
           
           " (valor anterior: "
             ;
             PrepareResourceNames;
             ResGen;
             CompileLicxFiles
           ") en C:\Program Files\dotnet\sdk\9.0.201\Sdks\Microsoft.NET.Sdk\targets\Microsoft.PackageDependencyResolution.targets (86,5)
       Reasignación de propiedad: $(DefaultItemExcludes)=";bin\Debug\/**;obj\Debug\/**;bin\/**" (valor anterior: ";bin\Debug\/**;obj\Debug\/**") en C:\Program Files\dotnet\sdk\9.0.201\Sdks\Microsoft.NET.Sdk\targets\Microsoft.NET.Sdk.DefaultItems.targets (27,5)
       Reasignación de propiedad: $(DefaultItemExcludes)=";bin\Debug\/**;obj\Debug\/**;bin\/**;obj\/**" (valor anterior: ";bin\Debug\/**;obj\Debug\/**;bin\/**") en C:\Program Files\dotnet\sdk\9.0.201\Sdks\Microsoft.NET.Sdk\targets\Microsoft.NET.Sdk.DefaultItems.targets (29,5)
       Reasignación de propiedad: $(DefaultItemExcludes)=";bin\Debug\/**;obj\Debug\/**;bin\/**;obj\/**;**/*.user" (valor anterior: ";bin\Debug\/**;obj\Debug\/**;bin\/**;obj\/**") en C:\Program Files\dotnet\sdk\9.0.201\Sdks\Microsoft.NET.Sdk\targets\Microsoft.NET.Sdk.DefaultItems.targets (32,5)
       Reasignación de propiedad: $(DefaultItemExcludes)=";bin\Debug\/**;obj\Debug\/**;bin\/**;obj\/**;**/*.user;**/*.*proj" (valor anterior: ";bin\Debug\/**;obj\Debug\/**;bin\/**;obj\/**;**/*.user") en C:\Program Files\dotnet\sdk\9.0.201\Sdks\Microsoft.NET.Sdk\targets\Microsoft.NET.Sdk.DefaultItems.targets (33,5)
       Reasignación de propiedad: $(DefaultItemExcludes)=";bin\Debug\/**;obj\Debug\/**;bin\/**;obj\/**;**/*.user;**/*.*proj;**/*.sln" (valor anterior: ";bin\Debug\/**;obj\Debug\/**;bin\/**;obj\/**;**/*.user;**/*.*proj") en C:\Program Files\dotnet\sdk\9.0.201\Sdks\Microsoft.NET.Sdk\targets\Microsoft.NET.Sdk.DefaultItems.targets (34,5)
       Reasignación de propiedad: $(DefaultItemExcludes)=";bin\Debug\/**;obj\Debug\/**;bin\/**;obj\/**;**/*.user;**/*.*proj;**/*.sln;**/*.vssscc" (valor anterior: ";bin\Debug\/**;obj\Debug\/**;bin\/**;obj\/**;**/*.user;**/*.*proj;**/*.sln") en C:\Program Files\dotnet\sdk\9.0.201\Sdks\Microsoft.NET.Sdk\targets\Microsoft.NET.Sdk.DefaultItems.targets (35,5)
       Reasignación de propiedad: $(DefaultItemExcludes)=";bin\Debug\/**;obj\Debug\/**;bin\/**;obj\/**;**/*.user;**/*.*proj;**/*.sln;**/*.vssscc;**/.DS_Store" (valor anterior: ";bin\Debug\/**;obj\Debug\/**;bin\/**;obj\/**;**/*.user;**/*.*proj;**/*.sln;**/*.vssscc") en C:\Program Files\dotnet\sdk\9.0.201\Sdks\Microsoft.NET.Sdk\targets\Microsoft.NET.Sdk.DefaultItems.targets (36,5)
       Reasignación de propiedad: $(ResolveAssemblyReferencesDependsOn)="
             
             
             ResolveProjectReferences;
             FindInvalidProjectReferences;
             GetFrameworkPaths;
             GetReferenceAssemblyPaths;
             PrepareForBuild;
             ResolveSDKReferences;
             ExpandSDKReferences;
           ;
             ResolvePackageDependenciesForBuild;
             _HandlePackageFileConflicts;
           ;
             ResolveTargetingPackAssets;
           " (valor anterior: "
             
             ResolveProjectReferences;
             FindInvalidProjectReferences;
             GetFrameworkPaths;
             GetReferenceAssemblyPaths;
             PrepareForBuild;
             ResolveSDKReferences;
             ExpandSDKReferences;
           ;
             ResolvePackageDependenciesForBuild;
             _HandlePackageFileConflicts;
           ") en C:\Program Files\dotnet\sdk\9.0.201\Sdks\Microsoft.NET.Sdk\targets\Microsoft.NET.Sdk.FrameworkReferenceResolution.targets (14,5)
       Reasignación de propiedad: $(_GenerateRuntimeConfigurationPropertyInputsCache)="D:\PROGRAMAS_MIOS\NoFences\NoFences\obj\Debug\net48\NoFences.genruntimeconfig.cache" (valor anterior: "obj\Debug\net48\NoFences.genruntimeconfig.cache") en C:\Program Files\dotnet\sdk\9.0.201\Sdks\Microsoft.NET.Sdk\targets\Microsoft.NET.Sdk.targets (44,5)
       Reasignación de propiedad: $(_GeneratePublishDependencyFilePropertyInputsCache)="D:\PROGRAMAS_MIOS\NoFences\NoFences\obj\Debug\net48\NoFences.genpublishdeps.cache" (valor anterior: "obj\Debug\net48\NoFences.genpublishdeps.cache") en C:\Program Files\dotnet\sdk\9.0.201\Sdks\Microsoft.NET.Sdk\targets\Microsoft.NET.Sdk.targets (46,5)
       Reasignación de propiedad: $(_GenerateSingleFileBundlePropertyInputsCache)="D:\PROGRAMAS_MIOS\NoFences\NoFences\obj\Debug\net48\NoFences.genbundle.cache" (valor anterior: "obj\Debug\net48\NoFences.genbundle.cache") en C:\Program Files\dotnet\sdk\9.0.201\Sdks\Microsoft.NET.Sdk\targets\Microsoft.NET.Sdk.targets (48,5)
       C:\Program Files\dotnet\sdk\9.0.201\Sdks\Microsoft.NET.Sdk\targets\Microsoft.NET.Sdk.targets(97,5): message : Propiedad "USERPROFILE" con el valor "C:\Users\Notbanzz" expandido desde el entorno.
       Reasignación de propiedad: $(_DefaultUserProfileRuntimeStorePath)="C:\Users\Notbanzz" (valor anterior: "") en C:\Program Files\dotnet\sdk\9.0.201\Sdks\Microsoft.NET.Sdk\targets\Microsoft.NET.Sdk.targets (97,5)
       Reasignación de propiedad: $(_DefaultUserProfileRuntimeStorePath)="C:\Users\Notbanzz\.dotnet\store" (valor anterior: "C:\Users\Notbanzz") en C:\Program Files\dotnet\sdk\9.0.201\Sdks\Microsoft.NET.Sdk\targets\Microsoft.NET.Sdk.targets (98,5)
       Reasignación de propiedad: $(CoreBuildDependsOn)="
             _CheckForBuildWithNoBuild;
             
             BuildOnlySettings;
             PrepareForBuild;
             PreBuildEvent;
             ResolveReferences;
             PrepareResources;
             ResolveKeySource;
             Compile;
             ExportWindowsMDFile;
             UnmanagedUnregistration;
             GenerateSerializationAssemblies;
             CreateSatelliteAssemblies;
             GenerateManifests;
             GetTargetPath;
             PrepareForRun;
             UnmanagedRegistration;
             IncrementalClean;
             PostBuildEvent
           ;
             GenerateBuildDependencyFile;
             GenerateBuildRuntimeConfigurationFiles
           " (valor anterior: "
             BuildOnlySettings;
             PrepareForBuild;
             PreBuildEvent;
             ResolveReferences;
             PrepareResources;
             ResolveKeySource;
             Compile;
             ExportWindowsMDFile;
             UnmanagedUnregistration;
             GenerateSerializationAssemblies;
             CreateSatelliteAssemblies;
             GenerateManifests;
             GetTargetPath;
             PrepareForRun;
             UnmanagedRegistration;
             IncrementalClean;
             PostBuildEvent
           ") en C:\Program Files\dotnet\sdk\9.0.201\Sdks\Microsoft.NET.Sdk\targets\Microsoft.NET.Sdk.targets (201,5)
       Reasignación de propiedad: $(CoreCleanDependsOn)="
             _SdkBeforeClean;
             
           " (valor anterior: "") en C:\Program Files\dotnet\sdk\9.0.201\Sdks\Microsoft.NET.Sdk\targets\Microsoft.NET.Sdk.targets (210,5)
       Reasignación de propiedad: $(RebuildDependsOn)="
             _SdkBeforeRebuild;
             
             BeforeRebuild;
             Clean;
             Build;
             AfterRebuild;
           
           " (valor anterior: "
             BeforeRebuild;
             Clean;
             Build;
             AfterRebuild;
           ") en C:\Program Files\dotnet\sdk\9.0.201\Sdks\Microsoft.NET.Sdk\targets\Microsoft.NET.Sdk.targets (217,5)
       Reasignación de propiedad: $(CompileDependsOn)="
             
             ResolveReferences;
             ResolveKeySource;
             SetWin32ManifestProperties;
             _SetPreferNativeArm64Win32ManifestProperties;
             FindReferenceAssembliesForReferences;
             _GenerateCompileInputs;
             BeforeCompile;
             _TimeStampBeforeCompile;
             _GenerateCompileDependencyCache;
             CoreCompile;
             _TimeStampAfterCompile;
             AfterCompile;
           ;
             _CreateAppHost;
             _CreateComHost;
             _GetIjwHostPaths;
           " (valor anterior: "
             ResolveReferences;
             ResolveKeySource;
             SetWin32ManifestProperties;
             _SetPreferNativeArm64Win32ManifestProperties;
             FindReferenceAssembliesForReferences;
             _GenerateCompileInputs;
             BeforeCompile;
             _TimeStampBeforeCompile;
             _GenerateCompileDependencyCache;
             CoreCompile;
             _TimeStampAfterCompile;
             AfterCompile;
           ") en C:\Program Files\dotnet\sdk\9.0.201\Sdks\Microsoft.NET.Sdk\targets\Microsoft.NET.Sdk.targets (784,5)
       Reasignación de propiedad: $(CreateSatelliteAssembliesDependsOn)="
             
             ;
             _GenerateSatelliteAssemblyInputs;
             ComputeIntermediateSatelliteAssemblies;
             GenerateSatelliteAssemblies
           ;
             CoreGenerateSatelliteAssemblies
           " (valor anterior: "
             ;
             _GenerateSatelliteAssemblyInputs;
             ComputeIntermediateSatelliteAssemblies;
             GenerateSatelliteAssemblies
           ") en C:\Program Files\dotnet\sdk\9.0.201\Sdks\Microsoft.NET.Sdk\targets\Microsoft.NET.Sdk.targets (1184,5)
       Reasignación de propiedad: $(SourceLinkUrlInitializerTargets)=";_InitializeGitHubSourceLinkUrl;_InitializeGitLabSourceLinkUrl" (valor anterior: ";_InitializeGitHubSourceLinkUrl") en C:\Program Files\dotnet\sdk\9.0.201\Sdks\Microsoft.SourceLink.GitLab\build\Microsoft.SourceLink.GitLab.targets (12,5)
       Reasignación de propiedad: $(SourceControlManagerUrlTranslationTargets)=";TranslateGitHubUrlsInSourceControlInformation;TranslateGitLabUrlsInSourceControlInformation" (valor anterior: ";TranslateGitHubUrlsInSourceControlInformation") en C:\Program Files\dotnet\sdk\9.0.201\Sdks\Microsoft.SourceLink.GitLab\build\Microsoft.SourceLink.GitLab.targets (13,5)
       Reasignación de propiedad: $(SourceLinkUrlInitializerTargets)=";_InitializeGitHubSourceLinkUrl;_InitializeGitLabSourceLinkUrl;_InitializeAzureReposGitSourceLinkUrl" (valor anterior: ";_InitializeGitHubSourceLinkUrl;_InitializeGitLabSourceLinkUrl") en C:\Program Files\dotnet\sdk\9.0.201\Sdks\Microsoft.SourceLink.AzureRepos.Git\build\Microsoft.SourceLink.AzureRepos.Git.targets (12,5)
       Reasignación de propiedad: $(SourceControlManagerUrlTranslationTargets)=";TranslateGitHubUrlsInSourceControlInformation;TranslateGitLabUrlsInSourceControlInformation;TranslateAzureReposGitUrlsInSourceControlInformation" (valor anterior: ";TranslateGitHubUrlsInSourceControlInformation;TranslateGitLabUrlsInSourceControlInformation") en C:\Program Files\dotnet\sdk\9.0.201\Sdks\Microsoft.SourceLink.AzureRepos.Git\build\Microsoft.SourceLink.AzureRepos.Git.targets (13,5)
       Reasignación de propiedad: $(SourceLinkUrlInitializerTargets)=";_InitializeGitHubSourceLinkUrl;_InitializeGitLabSourceLinkUrl;_InitializeAzureReposGitSourceLinkUrl;_InitializeBitbucketGitSourceLinkUrl" (valor anterior: ";_InitializeGitHubSourceLinkUrl;_InitializeGitLabSourceLinkUrl;_InitializeAzureReposGitSourceLinkUrl") en C:\Program Files\dotnet\sdk\9.0.201\Sdks\Microsoft.SourceLink.Bitbucket.Git\build\Microsoft.SourceLink.Bitbucket.Git.targets (12,5)
       Reasignación de propiedad: $(SourceControlManagerUrlTranslationTargets)=";TranslateGitHubUrlsInSourceControlInformation;TranslateGitLabUrlsInSourceControlInformation;TranslateAzureReposGitUrlsInSourceControlInformation;TranslateBitbucketGitUrlsInSourceControlInformation" (valor anterior: ";TranslateGitHubUrlsInSourceControlInformation;TranslateGitLabUrlsInSourceControlInformation;TranslateAzureReposGitUrlsInSourceControlInformation") en C:\Program Files\dotnet\sdk\9.0.201\Sdks\Microsoft.SourceLink.Bitbucket.Git\build\Microsoft.SourceLink.Bitbucket.Git.targets (13,5)
       Reasignación de propiedad: $(DesignerRuntimeImplementationProjectOutputGroupDependsOn)="
             
             ;
             
             ;
             BuildOnlySettings;
             PrepareForBuild;
             AssignTargetPaths;
             ResolveReferences
           
           ;
             _GenerateDesignerDepsFile;
             _GenerateDesignerRuntimeConfigFile;
             GetCopyToOutputDirectoryItems;
             _GatherDesignerShadowCopyFiles;
           " (valor anterior: "
             ;
             
             ;
             BuildOnlySettings;
             PrepareForBuild;
             AssignTargetPaths;
             ResolveReferences
           
           ") en C:\Program Files\dotnet\sdk\9.0.201\Sdks\Microsoft.NET.Sdk\targets\Microsoft.NET.DesignerSupport.targets (21,5)
       Reasignación de propiedad: $(_GenerateToolsSettingsFileCacheFile)="D:\PROGRAMAS_MIOS\NoFences\NoFences\obj\Debug\net48\NoFences.toolssettingsinput.cache" (valor anterior: "obj\Debug\net48\NoFences.toolssettingsinput.cache") en C:\Program Files\dotnet\sdk\9.0.201\Sdks\Microsoft.NET.Sdk\targets\Microsoft.NET.PackTool.targets (68,5)
       Reasignación de propiedad: $(_ShimInputCacheFile)="D:\PROGRAMAS_MIOS\NoFences\NoFences\obj\Debug\net48\NoFences.shiminput.cache" (valor anterior: "obj\Debug\net48\NoFences.shiminput.cache") en C:\Program Files\dotnet\sdk\9.0.201\Sdks\Microsoft.NET.Sdk\targets\Microsoft.NET.PackTool.targets (137,5)
       Reasignación de propiedad: $(_ShimCreatedSentinelFile)="D:\PROGRAMAS_MIOS\NoFences\NoFences\obj\Debug\net48\NoFences.shimcreated.sentinel" (valor anterior: "obj\Debug\net48\NoFences.shimcreated.sentinel") en C:\Program Files\dotnet\sdk\9.0.201\Sdks\Microsoft.NET.Sdk\targets\Microsoft.NET.PackTool.targets (139,5)
       Reasignación de propiedad: $(DefineConstants)="TRACE;DEBUG" (valor anterior: "TRACE") en C:\Program Files\dotnet\sdk\9.0.201\Sdks\Microsoft.NET.Sdk\targets\Microsoft.NET.Sdk.CSharp.targets (31,5)
       Reasignación de propiedad: $(DefineConstants)="TRACE;DEBUG;NETFRAMEWORK;NET48;" (valor anterior: "TRACE;DEBUG") en C:\Program Files\dotnet\sdk\9.0.201\Sdks\Microsoft.NET.Sdk\targets\Microsoft.NET.Sdk.CSharp.targets (34,5)
       Reasignación de propiedad: $(SupportedOSPlatformVersion)="7.0" (valor anterior: "") en C:\Program Files\dotnet\sdk\9.0.201\Sdks\Microsoft.NET.Sdk\targets\Microsoft.NET.Windows.targets (44,5)
       Reasignación de propiedad: $(TargetPlatformMinVersion)="7.0" (valor anterior: "") en C:\Program Files\dotnet\sdk\9.0.201\Sdks\Microsoft.NET.Sdk\targets\Microsoft.NET.Windows.targets (45,5)
       Reasignación de propiedad: $(_TargetFrameworkVersionValue)="4.8" (valor anterior: "0.0") en C:\Program Files\dotnet\sdk\9.0.201\Sdks\Microsoft.NET.Sdk.WindowsDesktop\targets\Microsoft.NET.Sdk.WindowsDesktop.targets (51,5)
       Reasignación de propiedad: $(PackageDescription)="Package Description" (valor anterior: "") en C:\Program Files\dotnet\sdk\9.0.201\Sdks\NuGet.Build.Tasks.Pack\build\NuGet.Build.Tasks.Pack.targets (34,5)
       Reasignación de propiedad: $(GenerateNuspecDependsOn)="Build;_LoadPackInputItems; _GetTargetFrameworksOutput; _WalkEachTargetPerFramework; _GetPackageFiles; " (valor anterior: "_LoadPackInputItems; _GetTargetFrameworksOutput; _WalkEachTargetPerFramework; _GetPackageFiles; ") en C:\Program Files\dotnet\sdk\9.0.201\Sdks\NuGet.Build.Tasks.Pack\build\NuGet.Build.Tasks.Pack.targets (59,5)
       Reasignación de propiedad: $(_IsNotSetContainersTargetsDir)="true" (valor anterior: "false") en C:\Program Files\dotnet\sdk\9.0.201\Sdks\Microsoft.NET.Sdk\Sdk\Sdk.targets (60,5)
       Reasignación de propiedad: $(_IsSDKContainerAllowedVersion)="true" (valor anterior: "false") en C:\Program Files\dotnet\sdk\9.0.201\Containers\build\Microsoft.NET.Build.Containers.targets (5,5)
       Ensamblado cargado durante Evaluation: System.Reflection.Emit.Lightweight, Version=9.0.0.0, Culture=neutral, PublicKeyToken=b03f5f7f11d50a3a(ubicación: C:\Program Files\dotnet\shared\Microsoft.NETCore.App\9.0.3\System.Reflection.Emit.Lightweight.dll, MVID: 2b0d3d3f-0592-48ce-ba40-ee8c5074c8b4, AssemblyLoadContext: Default)
       Ensamblado cargado durante Evaluation: System.Reflection.Emit.ILGeneration, Version=9.0.0.0, Culture=neutral, PublicKeyToken=b03f5f7f11d50a3a(ubicación: C:\Program Files\dotnet\shared\Microsoft.NETCore.App\9.0.3\System.Reflection.Emit.ILGeneration.dll, MVID: 5ca68a83-3ac0-4afa-a486-355dc2e07a3e, AssemblyLoadContext: Default)
       Ensamblado cargado durante Evaluation: System.Reflection.Primitives, Version=9.0.0.0, Culture=neutral, PublicKeyToken=b03f5f7f11d50a3a(ubicación: C:\Program Files\dotnet\shared\Microsoft.NETCore.App\9.0.3\System.Reflection.Primitives.dll, MVID: 55e2515f-d227-4506-953a-8c4864717780, AssemblyLoadContext: Default)
       Invalidando el destino "GetFrameworkPaths" del proyecto"C:\Program Files\dotnet\sdk\9.0.201\Microsoft.Common.CurrentVersion.targets" con el destino "GetFrameworkPaths" del proyecto "C:\Program Files\dotnet\sdk\9.0.201\Microsoft.NETFramework.CurrentVersion.targets".
       Invalidando el destino "ResolveFrameworkReferences" del proyecto"C:\Program Files\dotnet\sdk\9.0.201\Microsoft.Common.CurrentVersion.targets" con el destino "ResolveFrameworkReferences" del proyecto "C:\Program Files\dotnet\sdk\9.0.201\Sdks\Microsoft.NET.Sdk\targets\Microsoft.NET.Sdk.FrameworkReferenceResolution.targets".
       Invalidando el destino "Run" del proyecto"C:\Program Files\dotnet\sdk\9.0.201\Microsoft.Common.CurrentVersion.targets" con el destino "Run" del proyecto "C:\Program Files\dotnet\sdk\9.0.201\Sdks\Microsoft.NET.Sdk\targets\Microsoft.NET.Sdk.targets".
       Invalidando el destino "GenerateSupportedTargetFrameworkAlias" del proyecto"C:\Program Files\dotnet\sdk\9.0.201\Microsoft.Common.CurrentVersion.targets" con el destino "GenerateSupportedTargetFrameworkAlias" del proyecto "C:\Program Files\dotnet\sdk\9.0.201\Sdks\Microsoft.NET.Sdk\targets\Microsoft.NET.Sdk.targets".
       Invalidando el destino "DesignerRuntimeImplementationProjectOutputGroup" del proyecto"C:\Program Files\dotnet\sdk\9.0.201\Microsoft.Common.CurrentVersion.targets" con el destino "DesignerRuntimeImplementationProjectOutputGroup" del proyecto "C:\Program Files\dotnet\sdk\9.0.201\Sdks\Microsoft.NET.Sdk\targets\Microsoft.NET.DesignerSupport.targets".
       Invalidando el destino "Publish" del proyecto"C:\Program Files\dotnet\sdk\9.0.201\Microsoft.Common.CurrentVersion.targets" con el destino "Publish" del proyecto "C:\Program Files\dotnet\sdk\9.0.201\Sdks\Microsoft.NET.Sdk\targets\Microsoft.NET.Publish.targets".
       Invalidando el destino "ResolveReadyToRunCompilers" del proyecto"C:\Program Files\dotnet\sdk\9.0.201\Sdks\Microsoft.NET.Sdk\targets\Microsoft.NET.CrossGen.targets" con el destino "ResolveReadyToRunCompilers" del proyecto "C:\Program Files\dotnet\sdk\9.0.201\Sdks\Microsoft.NET.Sdk\targets\Microsoft.NET.Publish.targets".
       Invalidando el destino "GetCopyToPublishDirectoryItems" del proyecto"C:\Program Files\dotnet\sdk\9.0.201\Microsoft.Common.CurrentVersion.targets" con el destino "GetCopyToPublishDirectoryItems" del proyecto "C:\Program Files\dotnet\sdk\9.0.201\Sdks\Microsoft.NET.Sdk\targets\Microsoft.NET.Publish.targets".
     1>Proyecto "D:\PROGRAMAS_MIOS\NoFences\NoFences\NoFences.csproj" en el nodo 1 (Restore destinos).
     1>Destino "_LoadRestoreGraphEntryPoints" en el archivo "C:\Program Files\dotnet\sdk\9.0.201\NuGet.targets" del proyecto "D:\PROGRAMAS_MIOS\NoFences\NoFences\NoFences.csproj" (el destino "_FilterRestoreGraphProjectInputItems" depende de él):
     1>Se omitió la tarea "GetRestoreSolutionProjectsTask" debido a una condición falsa (False); ( $(MSBuildProjectFullPath.EndsWith('.metaproj')) == 'true' AND @(RestoreGraphProjectInputItems) == '' ) se evaluó como ( False == 'true' AND D:\PROGRAMAS_MIOS\NoFences\NoFences\NoFences.csproj == '' ).
     1>Compilación terminada del destino "_LoadRestoreGraphEntryPoints" en el proyecto "NoFences.csproj".
     1>Destino "_FilterRestoreGraphProjectInputItems" en el archivo "C:\Program Files\dotnet\sdk\9.0.201\NuGet.targets" del proyecto "D:\PROGRAMAS_MIOS\NoFences\NoFences\NoFences.csproj" (el destino "_GenerateRestoreGraph" depende de él):
       Usando la tarea "RemoveDuplicates" del ensamblado "Microsoft.Build.Tasks.Core, Version=15.1.0.0, Culture=neutral, PublicKeyToken=b03f5f7f11d50a3a".
       Tarea "RemoveDuplicates"
       Ejecución de la tarea "RemoveDuplicates" terminada.
       Usando la tarea "MSBuild" del ensamblado "Microsoft.Build.Tasks.Core, Version=15.1.0.0, Culture=neutral, PublicKeyToken=b03f5f7f11d50a3a".
       Tarea "MSBuild"
         Propiedades globales:
           ExcludeRestorePackageImports=true
     0>C:\Program Files\dotnet\sdk\9.0.201\Sdks\Microsoft.NET.Sdk\Sdk\Sdk.props(49,11): message : Propiedad "MSBuildExtensionsPath" con el valor "C:\Program Files\dotnet\sdk\9.0.201\" expandido desde el entorno.
       Reasignación de propiedad: $(MSBuildProjectExtensionsPath)="D:\PROGRAMAS_MIOS\NoFences\NoFences\obj\" (valor anterior: "obj\") en C:\Program Files\dotnet\sdk\9.0.201\Current\Microsoft.Common.props (60,5)
       C:\Program Files\dotnet\sdk\9.0.201\Current\Microsoft.Common.props(84,119): message : Propiedad "MSBuildUserExtensionsPath" con el valor "C:\Users\Notbanzz\AppData\Local\Microsoft\MSBuild" expandido desde el entorno.
       Reasignación de propiedad: $(AssemblySearchPaths)="{CandidateAssemblyFiles};{HintPathFromItem}" (valor anterior: "{CandidateAssemblyFiles}") en C:\Program Files\dotnet\sdk\9.0.201\Sdks\Microsoft.NET.Sdk\targets\Microsoft.NET.Sdk.props (90,5)
       Reasignación de propiedad: $(AssemblySearchPaths)="{CandidateAssemblyFiles};{HintPathFromItem};{TargetFrameworkDirectory}" (valor anterior: "{CandidateAssemblyFiles};{HintPathFromItem}") en C:\Program Files\dotnet\sdk\9.0.201\Sdks\Microsoft.NET.Sdk\targets\Microsoft.NET.Sdk.props (91,5)
       Reasignación de propiedad: $(AssemblySearchPaths)="{CandidateAssemblyFiles};{HintPathFromItem};{TargetFrameworkDirectory};{RawFileName}" (valor anterior: "{CandidateAssemblyFiles};{HintPathFromItem};{TargetFrameworkDirectory}") en C:\Program Files\dotnet\sdk\9.0.201\Sdks\Microsoft.NET.Sdk\targets\Microsoft.NET.Sdk.props (92,5)
       Reasignación de propiedad: $(TargetsForTfmSpecificContentInPackage)=";PackTool;_PackProjectToolValidation" (valor anterior: ";PackTool") en C:\Program Files\dotnet\sdk\9.0.201\Sdks\Microsoft.NET.Sdk\targets\Microsoft.NET.PackProjectTool.props (15,5)
       Reasignación de propiedad: $(OutputType)="WinExe" (valor anterior: "Library") en D:\PROGRAMAS_MIOS\NoFences\NoFences\NoFences.csproj (4,5)
       Reasignación de propiedad: $(PublishProfileImported)="false" (valor anterior: "true") en C:\Program Files\dotnet\sdk\9.0.201\Sdks\Microsoft.NET.Sdk\targets\Microsoft.NET.Sdk.ImportPublishProfile.targets (28,5)
       Reasignación de propiedad: $(TargetPlatformVersion)="" (valor anterior: "0.0") en C:\Program Files\dotnet\sdk\9.0.201\Sdks\Microsoft.NET.Sdk\targets\Microsoft.NET.TargetFrameworkInference.targets (69,5)
       Reasignación de propiedad: $(DefaultItemExcludes)=";bin\Debug\/**;obj\Debug\/**" (valor anterior: ";bin\Debug\/**") en C:\Program Files\dotnet\sdk\9.0.201\Sdks\Microsoft.NET.Sdk\targets\Microsoft.NET.DefaultOutputPaths.targets (122,5)
       Reasignación de propiedad: $(OutputPath)="bin\Debug\net48\" (valor anterior: "bin\Debug\") en C:\Program Files\dotnet\sdk\9.0.201\Sdks\Microsoft.NET.Sdk\targets\Microsoft.NET.DefaultOutputPaths.targets (137,5)
       Reasignación de propiedad: $(IntermediateOutputPath)="obj\Debug\net48\" (valor anterior: "obj\Debug\") en C:\Program Files\dotnet\sdk\9.0.201\Sdks\Microsoft.NET.Sdk\targets\Microsoft.NET.DefaultOutputPaths.targets (142,5)
       Reasignación de propiedad: $(RuntimeIdentifier)="win-x86" (valor anterior: "win7-x86") en C:\Program Files\dotnet\sdk\9.0.201\Sdks\Microsoft.NET.Sdk\targets\Microsoft.NET.RuntimeIdentifierInference.targets (63,5)
       Reasignación de propiedad: $(_FrameworkIdentifierForImplicitDefine)="NET" (valor anterior: "NETFRAMEWORK") en C:\Program Files\dotnet\sdk\9.0.201\Sdks\Microsoft.NET.Sdk\targets\Microsoft.NET.Sdk.BeforeCommon.targets (189,5)
       Reasignación de propiedad: $(_FrameworkVersionForImplicitDefine)="4_8" (valor anterior: "4.8") en C:\Program Files\dotnet\sdk\9.0.201\Sdks\Microsoft.NET.Sdk\targets\Microsoft.NET.Sdk.BeforeCommon.targets (192,5)
       Reasignación de propiedad: $(_FrameworkVersionForImplicitDefine)="48" (valor anterior: "4_8") en C:\Program Files\dotnet\sdk\9.0.201\Sdks\Microsoft.NET.Sdk\targets\Microsoft.NET.Sdk.BeforeCommon.targets (193,5)
       Reasignación de propiedad: $(CommandLineArgsForDesignTimeEvaluation)="-langversion:7.3 -define:TRACE" (valor anterior: "-langversion:7.3") en C:\Program Files\dotnet\sdk\9.0.201\Roslyn\Microsoft.CSharp.Core.targets (200,5)
       Reasignación de propiedad: $(AvailablePlatforms)="Any CPU,x86,x64,ARM64" (valor anterior: "Any CPU,x86,x64") en C:\Program Files\dotnet\sdk\9.0.201\Microsoft.NETFramework.CurrentVersion.props (117,5)
       Reasignación de propiedad: $(TargetPlatformIdentifier)="Windows" (valor anterior: "") en C:\Program Files\dotnet\sdk\9.0.201\Microsoft.Common.CurrentVersion.targets (89,5)
       Reasignación de propiedad: $(TargetPlatformVersion)="7.0" (valor anterior: "") en C:\Program Files\dotnet\sdk\9.0.201\Microsoft.Common.CurrentVersion.targets (90,5)
       Reasignación de propiedad: $(_DebugSymbolsProduced)="true" (valor anterior: "false") en C:\Program Files\dotnet\sdk\9.0.201\Microsoft.Common.CurrentVersion.targets (175,5)
       Reasignación de propiedad: $(_DocumentationFileProduced)="false" (valor anterior: "true") en C:\Program Files\dotnet\sdk\9.0.201\Microsoft.Common.CurrentVersion.targets (185,5)
       Reasignación de propiedad: $(MSBuildCopyMarkerName)="NoFences.csproj.Up2Date" (valor anterior: "NoFences.csproj") en C:\Program Files\dotnet\sdk\9.0.201\Microsoft.Common.CurrentVersion.targets (393,5)
       Reasignación de propiedad: $(DelaySign)="" (valor anterior: "false") en C:\Program Files\dotnet\sdk\9.0.201\Microsoft.Common.CurrentVersion.targets (580,5)
       C:\Program Files\dotnet\sdk\9.0.201\Microsoft.Common.CurrentVersion.targets(2590,5): message : Propiedad "LOCALAPPDATA" con el valor "C:\Users\Notbanzz\AppData\Local" expandido desde el entorno.
       Reasignación de propiedad: $(_SGenGenerateSerializationAssembliesConfig)="Auto" (valor anterior: "") en C:\Program Files\dotnet\sdk\9.0.201\Microsoft.Common.CurrentVersion.targets (3917,5)
       Reasignación de propiedad: $(_SGenGenerateSerializationAssembliesConfig)="Off" (valor anterior: "Auto") en C:\Program Files\dotnet\sdk\9.0.201\Microsoft.Common.CurrentVersion.targets (3918,5)
       Reasignación de propiedad: $(_TargetsThatPrepareProjectReferences)="
             AssignProjectConfiguration;
             _SplitProjectReferencesByFileExistence
           " (valor anterior: "_SplitProjectReferencesByFileExistence") en C:\Program Files\dotnet\sdk\9.0.201\Microsoft.Common.CurrentVersion.targets (5129,5)
       C:\Program Files\dotnet\sdk\9.0.201\Microsoft.Common.CurrentVersion.targets(6924,5): message : Propiedad "MSBuildExtensionsPath32" con el valor "C:\Program Files\dotnet\sdk\9.0.201" expandido desde el entorno.
       Reasignación de propiedad: $(ResolveReferencesDependsOn)="
             
             BeforeResolveReferences;
             AssignProjectConfiguration;
             ResolveProjectReferences;
             FindInvalidProjectReferences;
             ResolveNativeReferences;
             ResolveAssemblyReferences;
             GenerateBindingRedirects;
             GenerateBindingRedirectsUpdateAppConfig;
             ResolveComReferences;
             AfterResolveReferences
           ;
             ImplicitlyExpandDesignTimeFacades
           " (valor anterior: "
             BeforeResolveReferences;
             AssignProjectConfiguration;
             ResolveProjectReferences;
             FindInvalidProjectReferences;
             ResolveNativeReferences;
             ResolveAssemblyReferences;
             GenerateBindingRedirects;
             GenerateBindingRedirectsUpdateAppConfig;
             ResolveComReferences;
             AfterResolveReferences
           ") en C:\Program Files\dotnet\sdk\9.0.201\Microsoft.NETFramework.CurrentVersion.targets (74,5)
       Reasignación de propiedad: $(ProjectAssetsFile)="D:\PROGRAMAS_MIOS\NoFences\NoFences\obj\project.assets.json" (valor anterior: "D:\PROGRAMAS_MIOS\NoFences\NoFences\obj\/project.assets.json") en C:\Program Files\dotnet\sdk\9.0.201\Sdks\Microsoft.NET.Sdk\targets\Microsoft.PackageDependencyResolution.targets (24,5)
       Reasignación de propiedad: $(ProjectAssetsCacheFile)="D:\PROGRAMAS_MIOS\NoFences\NoFences\obj\Debug\net48\NoFences.assets.cache" (valor anterior: "obj\Debug\net48\NoFences.assets.cache") en C:\Program Files\dotnet\sdk\9.0.201\Sdks\Microsoft.NET.Sdk\targets\Microsoft.PackageDependencyResolution.targets (29,5)
       Reasignación de propiedad: $(ResolveAssemblyReferencesDependsOn)="
             
             ResolveProjectReferences;
             FindInvalidProjectReferences;
             GetFrameworkPaths;
             GetReferenceAssemblyPaths;
             PrepareForBuild;
             ResolveSDKReferences;
             ExpandSDKReferences;
           ;
             ResolvePackageDependenciesForBuild;
             _HandlePackageFileConflicts;
           " (valor anterior: "
             ResolveProjectReferences;
             FindInvalidProjectReferences;
             GetFrameworkPaths;
             GetReferenceAssemblyPaths;
             PrepareForBuild;
             ResolveSDKReferences;
             ExpandSDKReferences;
           ") en C:\Program Files\dotnet\sdk\9.0.201\Sdks\Microsoft.NET.Sdk\targets\Microsoft.PackageDependencyResolution.targets (80,5)
       Reasignación de propiedad: $(PrepareResourcesDependsOn)="
             ResolvePackageDependenciesForBuild;
             _HandlePackageFileConflicts;
             
             ;
             PrepareResourceNames;
             ResGen;
             CompileLicxFiles
           
           " (valor anterior: "
             ;
             PrepareResourceNames;
             ResGen;
             CompileLicxFiles
           ") en C:\Program Files\dotnet\sdk\9.0.201\Sdks\Microsoft.NET.Sdk\targets\Microsoft.PackageDependencyResolution.targets (86,5)
       Reasignación de propiedad: $(DefaultItemExcludes)=";bin\Debug\/**;obj\Debug\/**;bin\/**" (valor anterior: ";bin\Debug\/**;obj\Debug\/**") en C:\Program Files\dotnet\sdk\9.0.201\Sdks\Microsoft.NET.Sdk\targets\Microsoft.NET.Sdk.DefaultItems.targets (27,5)
       Reasignación de propiedad: $(DefaultItemExcludes)=";bin\Debug\/**;obj\Debug\/**;bin\/**;obj\/**" (valor anterior: ";bin\Debug\/**;obj\Debug\/**;bin\/**") en C:\Program Files\dotnet\sdk\9.0.201\Sdks\Microsoft.NET.Sdk\targets\Microsoft.NET.Sdk.DefaultItems.targets (29,5)
       Reasignación de propiedad: $(DefaultItemExcludes)=";bin\Debug\/**;obj\Debug\/**;bin\/**;obj\/**;**/*.user" (valor anterior: ";bin\Debug\/**;obj\Debug\/**;bin\/**;obj\/**") en C:\Program Files\dotnet\sdk\9.0.201\Sdks\Microsoft.NET.Sdk\targets\Microsoft.NET.Sdk.DefaultItems.targets (32,5)
       Reasignación de propiedad: $(DefaultItemExcludes)=";bin\Debug\/**;obj\Debug\/**;bin\/**;obj\/**;**/*.user;**/*.*proj" (valor anterior: ";bin\Debug\/**;obj\Debug\/**;bin\/**;obj\/**;**/*.user") en C:\Program Files\dotnet\sdk\9.0.201\Sdks\Microsoft.NET.Sdk\targets\Microsoft.NET.Sdk.DefaultItems.targets (33,5)
       Reasignación de propiedad: $(DefaultItemExcludes)=";bin\Debug\/**;obj\Debug\/**;bin\/**;obj\/**;**/*.user;**/*.*proj;**/*.sln" (valor anterior: ";bin\Debug\/**;obj\Debug\/**;bin\/**;obj\/**;**/*.user;**/*.*proj") en C:\Program Files\dotnet\sdk\9.0.201\Sdks\Microsoft.NET.Sdk\targets\Microsoft.NET.Sdk.DefaultItems.targets (34,5)
       Reasignación de propiedad: $(DefaultItemExcludes)=";bin\Debug\/**;obj\Debug\/**;bin\/**;obj\/**;**/*.user;**/*.*proj;**/*.sln;**/*.vssscc" (valor anterior: ";bin\Debug\/**;obj\Debug\/**;bin\/**;obj\/**;**/*.user;**/*.*proj;**/*.sln") en C:\Program Files\dotnet\sdk\9.0.201\Sdks\Microsoft.NET.Sdk\targets\Microsoft.NET.Sdk.DefaultItems.targets (35,5)
       Reasignación de propiedad: $(DefaultItemExcludes)=";bin\Debug\/**;obj\Debug\/**;bin\/**;obj\/**;**/*.user;**/*.*proj;**/*.sln;**/*.vssscc;**/.DS_Store" (valor anterior: ";bin\Debug\/**;obj\Debug\/**;bin\/**;obj\/**;**/*.user;**/*.*proj;**/*.sln;**/*.vssscc") en C:\Program Files\dotnet\sdk\9.0.201\Sdks\Microsoft.NET.Sdk\targets\Microsoft.NET.Sdk.DefaultItems.targets (36,5)
       Reasignación de propiedad: $(ResolveAssemblyReferencesDependsOn)="
             
             
             ResolveProjectReferences;
             FindInvalidProjectReferences;
             GetFrameworkPaths;
             GetReferenceAssemblyPaths;
             PrepareForBuild;
             ResolveSDKReferences;
             ExpandSDKReferences;
           ;
             ResolvePackageDependenciesForBuild;
             _HandlePackageFileConflicts;
           ;
             ResolveTargetingPackAssets;
           " (valor anterior: "
             
             ResolveProjectReferences;
             FindInvalidProjectReferences;
             GetFrameworkPaths;
             GetReferenceAssemblyPaths;
             PrepareForBuild;
             ResolveSDKReferences;
             ExpandSDKReferences;
           ;
             ResolvePackageDependenciesForBuild;
             _HandlePackageFileConflicts;
           ") en C:\Program Files\dotnet\sdk\9.0.201\Sdks\Microsoft.NET.Sdk\targets\Microsoft.NET.Sdk.FrameworkReferenceResolution.targets (14,5)
       Reasignación de propiedad: $(_GenerateRuntimeConfigurationPropertyInputsCache)="D:\PROGRAMAS_MIOS\NoFences\NoFences\obj\Debug\net48\NoFences.genruntimeconfig.cache" (valor anterior: "obj\Debug\net48\NoFences.genruntimeconfig.cache") en C:\Program Files\dotnet\sdk\9.0.201\Sdks\Microsoft.NET.Sdk\targets\Microsoft.NET.Sdk.targets (44,5)
       Reasignación de propiedad: $(_GeneratePublishDependencyFilePropertyInputsCache)="D:\PROGRAMAS_MIOS\NoFences\NoFences\obj\Debug\net48\NoFences.genpublishdeps.cache" (valor anterior: "obj\Debug\net48\NoFences.genpublishdeps.cache") en C:\Program Files\dotnet\sdk\9.0.201\Sdks\Microsoft.NET.Sdk\targets\Microsoft.NET.Sdk.targets (46,5)
       Reasignación de propiedad: $(_GenerateSingleFileBundlePropertyInputsCache)="D:\PROGRAMAS_MIOS\NoFences\NoFences\obj\Debug\net48\NoFences.genbundle.cache" (valor anterior: "obj\Debug\net48\NoFences.genbundle.cache") en C:\Program Files\dotnet\sdk\9.0.201\Sdks\Microsoft.NET.Sdk\targets\Microsoft.NET.Sdk.targets (48,5)
       C:\Program Files\dotnet\sdk\9.0.201\Sdks\Microsoft.NET.Sdk\targets\Microsoft.NET.Sdk.targets(97,5): message : Propiedad "USERPROFILE" con el valor "C:\Users\Notbanzz" expandido desde el entorno.
       Reasignación de propiedad: $(_DefaultUserProfileRuntimeStorePath)="C:\Users\Notbanzz" (valor anterior: "") en C:\Program Files\dotnet\sdk\9.0.201\Sdks\Microsoft.NET.Sdk\targets\Microsoft.NET.Sdk.targets (97,5)
       Reasignación de propiedad: $(_DefaultUserProfileRuntimeStorePath)="C:\Users\Notbanzz\.dotnet\store" (valor anterior: "C:\Users\Notbanzz") en C:\Program Files\dotnet\sdk\9.0.201\Sdks\Microsoft.NET.Sdk\targets\Microsoft.NET.Sdk.targets (98,5)
       Reasignación de propiedad: $(CoreBuildDependsOn)="
             _CheckForBuildWithNoBuild;
             
             BuildOnlySettings;
             PrepareForBuild;
             PreBuildEvent;
             ResolveReferences;
             PrepareResources;
             ResolveKeySource;
             Compile;
             ExportWindowsMDFile;
             UnmanagedUnregistration;
             GenerateSerializationAssemblies;
             CreateSatelliteAssemblies;
             GenerateManifests;
             GetTargetPath;
             PrepareForRun;
             UnmanagedRegistration;
             IncrementalClean;
             PostBuildEvent
           ;
             GenerateBuildDependencyFile;
             GenerateBuildRuntimeConfigurationFiles
           " (valor anterior: "
             BuildOnlySettings;
             PrepareForBuild;
             PreBuildEvent;
             ResolveReferences;
             PrepareResources;
             ResolveKeySource;
             Compile;
             ExportWindowsMDFile;
             UnmanagedUnregistration;
             GenerateSerializationAssemblies;
             CreateSatelliteAssemblies;
             GenerateManifests;
             GetTargetPath;
             PrepareForRun;
             UnmanagedRegistration;
             IncrementalClean;
             PostBuildEvent
           ") en C:\Program Files\dotnet\sdk\9.0.201\Sdks\Microsoft.NET.Sdk\targets\Microsoft.NET.Sdk.targets (201,5)
       Reasignación de propiedad: $(CoreCleanDependsOn)="
             _SdkBeforeClean;
             
           " (valor anterior: "") en C:\Program Files\dotnet\sdk\9.0.201\Sdks\Microsoft.NET.Sdk\targets\Microsoft.NET.Sdk.targets (210,5)
       Reasignación de propiedad: $(RebuildDependsOn)="
             _SdkBeforeRebuild;
             
             BeforeRebuild;
             Clean;
             Build;
             AfterRebuild;
           
           " (valor anterior: "
             BeforeRebuild;
             Clean;
             Build;
             AfterRebuild;
           ") en C:\Program Files\dotnet\sdk\9.0.201\Sdks\Microsoft.NET.Sdk\targets\Microsoft.NET.Sdk.targets (217,5)
       Reasignación de propiedad: $(CompileDependsOn)="
             
             ResolveReferences;
             ResolveKeySource;
             SetWin32ManifestProperties;
             _SetPreferNativeArm64Win32ManifestProperties;
             FindReferenceAssembliesForReferences;
             _GenerateCompileInputs;
             BeforeCompile;
             _TimeStampBeforeCompile;
             _GenerateCompileDependencyCache;
             CoreCompile;
             _TimeStampAfterCompile;
             AfterCompile;
           ;
             _CreateAppHost;
             _CreateComHost;
             _GetIjwHostPaths;
           " (valor anterior: "
             ResolveReferences;
             ResolveKeySource;
             SetWin32ManifestProperties;
             _SetPreferNativeArm64Win32ManifestProperties;
             FindReferenceAssembliesForReferences;
             _GenerateCompileInputs;
             BeforeCompile;
             _TimeStampBeforeCompile;
             _GenerateCompileDependencyCache;
             CoreCompile;
             _TimeStampAfterCompile;
             AfterCompile;
           ") en C:\Program Files\dotnet\sdk\9.0.201\Sdks\Microsoft.NET.Sdk\targets\Microsoft.NET.Sdk.targets (784,5)
       Reasignación de propiedad: $(CreateSatelliteAssembliesDependsOn)="
             
             ;
             _GenerateSatelliteAssemblyInputs;
             ComputeIntermediateSatelliteAssemblies;
             GenerateSatelliteAssemblies
           ;
             CoreGenerateSatelliteAssemblies
           " (valor anterior: "
             ;
             _GenerateSatelliteAssemblyInputs;
             ComputeIntermediateSatelliteAssemblies;
             GenerateSatelliteAssemblies
           ") en C:\Program Files\dotnet\sdk\9.0.201\Sdks\Microsoft.NET.Sdk\targets\Microsoft.NET.Sdk.targets (1184,5)
       Reasignación de propiedad: $(SourceLinkUrlInitializerTargets)=";_InitializeGitHubSourceLinkUrl;_InitializeGitLabSourceLinkUrl" (valor anterior: ";_InitializeGitHubSourceLinkUrl") en C:\Program Files\dotnet\sdk\9.0.201\Sdks\Microsoft.SourceLink.GitLab\build\Microsoft.SourceLink.GitLab.targets (12,5)
       Reasignación de propiedad: $(SourceControlManagerUrlTranslationTargets)=";TranslateGitHubUrlsInSourceControlInformation;TranslateGitLabUrlsInSourceControlInformation" (valor anterior: ";TranslateGitHubUrlsInSourceControlInformation") en C:\Program Files\dotnet\sdk\9.0.201\Sdks\Microsoft.SourceLink.GitLab\build\Microsoft.SourceLink.GitLab.targets (13,5)
       Reasignación de propiedad: $(SourceLinkUrlInitializerTargets)=";_InitializeGitHubSourceLinkUrl;_InitializeGitLabSourceLinkUrl;_InitializeAzureReposGitSourceLinkUrl" (valor anterior: ";_InitializeGitHubSourceLinkUrl;_InitializeGitLabSourceLinkUrl") en C:\Program Files\dotnet\sdk\9.0.201\Sdks\Microsoft.SourceLink.AzureRepos.Git\build\Microsoft.SourceLink.AzureRepos.Git.targets (12,5)
       Reasignación de propiedad: $(SourceControlManagerUrlTranslationTargets)=";TranslateGitHubUrlsInSourceControlInformation;TranslateGitLabUrlsInSourceControlInformation;TranslateAzureReposGitUrlsInSourceControlInformation" (valor anterior: ";TranslateGitHubUrlsInSourceControlInformation;TranslateGitLabUrlsInSourceControlInformation") en C:\Program Files\dotnet\sdk\9.0.201\Sdks\Microsoft.SourceLink.AzureRepos.Git\build\Microsoft.SourceLink.AzureRepos.Git.targets (13,5)
       Reasignación de propiedad: $(SourceLinkUrlInitializerTargets)=";_InitializeGitHubSourceLinkUrl;_InitializeGitLabSourceLinkUrl;_InitializeAzureReposGitSourceLinkUrl;_InitializeBitbucketGitSourceLinkUrl" (valor anterior: ";_InitializeGitHubSourceLinkUrl;_InitializeGitLabSourceLinkUrl;_InitializeAzureReposGitSourceLinkUrl") en C:\Program Files\dotnet\sdk\9.0.201\Sdks\Microsoft.SourceLink.Bitbucket.Git\build\Microsoft.SourceLink.Bitbucket.Git.targets (12,5)
       Reasignación de propiedad: $(SourceControlManagerUrlTranslationTargets)=";TranslateGitHubUrlsInSourceControlInformation;TranslateGitLabUrlsInSourceControlInformation;TranslateAzureReposGitUrlsInSourceControlInformation;TranslateBitbucketGitUrlsInSourceControlInformation" (valor anterior: ";TranslateGitHubUrlsInSourceControlInformation;TranslateGitLabUrlsInSourceControlInformation;TranslateAzureReposGitUrlsInSourceControlInformation") en C:\Program Files\dotnet\sdk\9.0.201\Sdks\Microsoft.SourceLink.Bitbucket.Git\build\Microsoft.SourceLink.Bitbucket.Git.targets (13,5)
       Reasignación de propiedad: $(DesignerRuntimeImplementationProjectOutputGroupDependsOn)="
             
             ;
             
             ;
             BuildOnlySettings;
             PrepareForBuild;
             AssignTargetPaths;
             ResolveReferences
           
           ;
             _GenerateDesignerDepsFile;
             _GenerateDesignerRuntimeConfigFile;
             GetCopyToOutputDirectoryItems;
             _GatherDesignerShadowCopyFiles;
           " (valor anterior: "
             ;
             
             ;
             BuildOnlySettings;
             PrepareForBuild;
             AssignTargetPaths;
             ResolveReferences
           
           ") en C:\Program Files\dotnet\sdk\9.0.201\Sdks\Microsoft.NET.Sdk\targets\Microsoft.NET.DesignerSupport.targets (21,5)
       Reasignación de propiedad: $(_GenerateToolsSettingsFileCacheFile)="D:\PROGRAMAS_MIOS\NoFences\NoFences\obj\Debug\net48\NoFences.toolssettingsinput.cache" (valor anterior: "obj\Debug\net48\NoFences.toolssettingsinput.cache") en C:\Program Files\dotnet\sdk\9.0.201\Sdks\Microsoft.NET.Sdk\targets\Microsoft.NET.PackTool.targets (68,5)
       Reasignación de propiedad: $(_ShimInputCacheFile)="D:\PROGRAMAS_MIOS\NoFences\NoFences\obj\Debug\net48\NoFences.shiminput.cache" (valor anterior: "obj\Debug\net48\NoFences.shiminput.cache") en C:\Program Files\dotnet\sdk\9.0.201\Sdks\Microsoft.NET.Sdk\targets\Microsoft.NET.PackTool.targets (137,5)
       Reasignación de propiedad: $(_ShimCreatedSentinelFile)="D:\PROGRAMAS_MIOS\NoFences\NoFences\obj\Debug\net48\NoFences.shimcreated.sentinel" (valor anterior: "obj\Debug\net48\NoFences.shimcreated.sentinel") en C:\Program Files\dotnet\sdk\9.0.201\Sdks\Microsoft.NET.Sdk\targets\Microsoft.NET.PackTool.targets (139,5)
       Reasignación de propiedad: $(DefineConstants)="TRACE;DEBUG" (valor anterior: "TRACE") en C:\Program Files\dotnet\sdk\9.0.201\Sdks\Microsoft.NET.Sdk\targets\Microsoft.NET.Sdk.CSharp.targets (31,5)
       Reasignación de propiedad: $(DefineConstants)="TRACE;DEBUG;NETFRAMEWORK;NET48;" (valor anterior: "TRACE;DEBUG") en C:\Program Files\dotnet\sdk\9.0.201\Sdks\Microsoft.NET.Sdk\targets\Microsoft.NET.Sdk.CSharp.targets (34,5)
       Reasignación de propiedad: $(SupportedOSPlatformVersion)="7.0" (valor anterior: "") en C:\Program Files\dotnet\sdk\9.0.201\Sdks\Microsoft.NET.Sdk\targets\Microsoft.NET.Windows.targets (44,5)
       Reasignación de propiedad: $(TargetPlatformMinVersion)="7.0" (valor anterior: "") en C:\Program Files\dotnet\sdk\9.0.201\Sdks\Microsoft.NET.Sdk\targets\Microsoft.NET.Windows.targets (45,5)
       Reasignación de propiedad: $(_TargetFrameworkVersionValue)="4.8" (valor anterior: "0.0") en C:\Program Files\dotnet\sdk\9.0.201\Sdks\Microsoft.NET.Sdk.WindowsDesktop\targets\Microsoft.NET.Sdk.WindowsDesktop.targets (51,5)
       Reasignación de propiedad: $(PackageDescription)="Package Description" (valor anterior: "") en C:\Program Files\dotnet\sdk\9.0.201\Sdks\NuGet.Build.Tasks.Pack\build\NuGet.Build.Tasks.Pack.targets (34,5)
       Reasignación de propiedad: $(GenerateNuspecDependsOn)="Build;_LoadPackInputItems; _GetTargetFrameworksOutput; _WalkEachTargetPerFramework; _GetPackageFiles; " (valor anterior: "_LoadPackInputItems; _GetTargetFrameworksOutput; _WalkEachTargetPerFramework; _GetPackageFiles; ") en C:\Program Files\dotnet\sdk\9.0.201\Sdks\NuGet.Build.Tasks.Pack\build\NuGet.Build.Tasks.Pack.targets (59,5)
       Reasignación de propiedad: $(_IsNotSetContainersTargetsDir)="true" (valor anterior: "false") en C:\Program Files\dotnet\sdk\9.0.201\Sdks\Microsoft.NET.Sdk\Sdk\Sdk.targets (60,5)
       Reasignación de propiedad: $(_IsSDKContainerAllowedVersion)="true" (valor anterior: "false") en C:\Program Files\dotnet\sdk\9.0.201\Containers\build\Microsoft.NET.Build.Containers.targets (5,5)
       Invalidando el destino "GetFrameworkPaths" del proyecto"C:\Program Files\dotnet\sdk\9.0.201\Microsoft.Common.CurrentVersion.targets" con el destino "GetFrameworkPaths" del proyecto "C:\Program Files\dotnet\sdk\9.0.201\Microsoft.NETFramework.CurrentVersion.targets".
       Invalidando el destino "ResolveFrameworkReferences" del proyecto"C:\Program Files\dotnet\sdk\9.0.201\Microsoft.Common.CurrentVersion.targets" con el destino "ResolveFrameworkReferences" del proyecto "C:\Program Files\dotnet\sdk\9.0.201\Sdks\Microsoft.NET.Sdk\targets\Microsoft.NET.Sdk.FrameworkReferenceResolution.targets".
       Invalidando el destino "Run" del proyecto"C:\Program Files\dotnet\sdk\9.0.201\Microsoft.Common.CurrentVersion.targets" con el destino "Run" del proyecto "C:\Program Files\dotnet\sdk\9.0.201\Sdks\Microsoft.NET.Sdk\targets\Microsoft.NET.Sdk.targets".
       Invalidando el destino "GenerateSupportedTargetFrameworkAlias" del proyecto"C:\Program Files\dotnet\sdk\9.0.201\Microsoft.Common.CurrentVersion.targets" con el destino "GenerateSupportedTargetFrameworkAlias" del proyecto "C:\Program Files\dotnet\sdk\9.0.201\Sdks\Microsoft.NET.Sdk\targets\Microsoft.NET.Sdk.targets".
       Invalidando el destino "DesignerRuntimeImplementationProjectOutputGroup" del proyecto"C:\Program Files\dotnet\sdk\9.0.201\Microsoft.Common.CurrentVersion.targets" con el destino "DesignerRuntimeImplementationProjectOutputGroup" del proyecto "C:\Program Files\dotnet\sdk\9.0.201\Sdks\Microsoft.NET.Sdk\targets\Microsoft.NET.DesignerSupport.targets".
       Invalidando el destino "Publish" del proyecto"C:\Program Files\dotnet\sdk\9.0.201\Microsoft.Common.CurrentVersion.targets" con el destino "Publish" del proyecto "C:\Program Files\dotnet\sdk\9.0.201\Sdks\Microsoft.NET.Sdk\targets\Microsoft.NET.Publish.targets".
       Invalidando el destino "ResolveReadyToRunCompilers" del proyecto"C:\Program Files\dotnet\sdk\9.0.201\Sdks\Microsoft.NET.Sdk\targets\Microsoft.NET.CrossGen.targets" con el destino "ResolveReadyToRunCompilers" del proyecto "C:\Program Files\dotnet\sdk\9.0.201\Sdks\Microsoft.NET.Sdk\targets\Microsoft.NET.Publish.targets".
       Invalidando el destino "GetCopyToPublishDirectoryItems" del proyecto"C:\Program Files\dotnet\sdk\9.0.201\Microsoft.Common.CurrentVersion.targets" con el destino "GetCopyToPublishDirectoryItems" del proyecto "C:\Program Files\dotnet\sdk\9.0.201\Sdks\Microsoft.NET.Sdk\targets\Microsoft.NET.Publish.targets".
     1>El proyecto "D:\PROGRAMAS_MIOS\NoFences\NoFences\NoFences.csproj" (1) está compilando "D:\PROGRAMAS_MIOS\NoFences\NoFences\NoFences.csproj" (1:2) en el nodo 1 (_IsProjectRestoreSupported destinos).
   1:2>Destino "_IsProjectRestoreSupported" en el archivo "C:\Program Files\dotnet\sdk\9.0.201\NuGet.targets" del proyecto "D:\PROGRAMAS_MIOS\NoFences\NoFences\NoFences.csproj" (punto de entrada):
   1:2>Compilación terminada del destino "_IsProjectRestoreSupported" en el proyecto "NoFences.csproj".
   1:2>Compilación del proyecto terminada "D:\PROGRAMAS_MIOS\NoFences\NoFences\NoFences.csproj" (_IsProjectRestoreSupported destinos).
     1>Ejecución de la tarea "MSBuild" terminada.
       Se omitió la tarea "MSBuild" debido a una condición falsa (False); ( '$(RestoreUseSkipNonexistentTargets)' != 'true' ) se evaluó como ( 'true' != 'true' ).
       Ensamblado cargado durante TaskRun: NuGet.Build.Tasks, Version=6.13.1.1, Culture=neutral, PublicKeyToken=31bf3856ad364e35(ubicación: C:\Program Files\dotnet\sdk\9.0.201\NuGet.Build.Tasks.dll, MVID: f47c153b-8005-4f81-a8a8-d24629ca32d6, AssemblyLoadContext: MSBuild plugin C:\Program Files\dotnet\sdk\9.0.201\NuGet.Build.Tasks.dll)
       Ensamblado cargado durante TaskRun: NuGet.Common, Version=6.13.1.1, Culture=neutral, PublicKeyToken=31bf3856ad364e35(ubicación: C:\Program Files\dotnet\sdk\9.0.201\NuGet.Common.dll, MVID: 82763aec-c67f-4328-8a4d-e89de2a3e4dc, AssemblyLoadContext: MSBuild plugin C:\Program Files\dotnet\sdk\9.0.201\NuGet.Build.Tasks.dll)
       Ensamblado cargado durante TaskRun: NuGet.Commands, Version=6.13.1.1, Culture=neutral, PublicKeyToken=31bf3856ad364e35(ubicación: C:\Program Files\dotnet\sdk\9.0.201\NuGet.Commands.dll, MVID: 981811bd-2d29-4f1c-a5c8-f5f923154f9b, AssemblyLoadContext: MSBuild plugin C:\Program Files\dotnet\sdk\9.0.201\NuGet.Build.Tasks.dll)
       Ensamblado cargado durante TaskRun: NuGet.ProjectModel, Version=6.13.1.1, Culture=neutral, PublicKeyToken=31bf3856ad364e35(ubicación: C:\Program Files\dotnet\sdk\9.0.201\NuGet.ProjectModel.dll, MVID: 071ca693-0d22-47ce-a5ae-7406a300b9d2, AssemblyLoadContext: MSBuild plugin C:\Program Files\dotnet\sdk\9.0.201\NuGet.Build.Tasks.dll)
       Usando la tarea "WarnForInvalidProjectsTask" del ensamblado "C:\Program Files\dotnet\sdk\9.0.201\NuGet.Build.Tasks.dll".
       Tarea "WarnForInvalidProjectsTask"
       Ejecución de la tarea "WarnForInvalidProjectsTask" terminada.
     1>Compilación terminada del destino "_FilterRestoreGraphProjectInputItems" en el proyecto "NoFences.csproj".
       Se omitió el destino "_FilterRestoreGraphProjectInputItems". Compilado previamente de forma correcta.
     1>Destino "_GetAllRestoreProjectPathItems" en el archivo "C:\Program Files\dotnet\sdk\9.0.201\NuGet.targets" del proyecto "D:\PROGRAMAS_MIOS\NoFences\NoFences\NoFences.csproj" (el destino "_GenerateRestoreGraph" depende de él):
       Usando la tarea "NuGetMessageTask" del ensamblado "C:\Program Files\dotnet\sdk\9.0.201\NuGet.Build.Tasks.dll".
       Tarea "NuGetMessageTask"
         Ensamblado cargado durante TaskRun (NuGet.Build.Tasks.NuGetMessageTask): NuGet.Build.Tasks.resources, Version=6.13.1.1, Culture=es, PublicKeyToken=31bf3856ad364e35, processorArchitecture=MSIL(ubicación: C:\Program Files\dotnet\sdk\9.0.201\es\NuGet.Build.Tasks.resources.dll, MVID: cdb1ba6c-a5f1-4267-85f6-0972b8bf4410, AssemblyLoadContext: MSBuild plugin C:\Program Files\dotnet\sdk\9.0.201\NuGet.Build.Tasks.dll)
         Determinando los proyectos que se van a restaurar...
       Ejecución de la tarea "NuGetMessageTask" terminada.
       Tarea "MSBuild"
         Propiedades globales:
           ExcludeRestorePackageImports=true
     1>El proyecto "D:\PROGRAMAS_MIOS\NoFences\NoFences\NoFences.csproj" (1) está compilando "D:\PROGRAMAS_MIOS\NoFences\NoFences\NoFences.csproj" (1:3) en el nodo 1 (_GenerateRestoreProjectPathWalk destinos).
   1:3>Se omitió el destino "_GenerateRestoreProjectPathItemsAllFrameworks" debido a una condición falsa (False); ( '$(TargetFrameworks)' != '' ) se evaluó como ( '' != '' ).
   1:3>Destino "_GenerateRestoreProjectPathItemsPerFramework" en el archivo "C:\Program Files\dotnet\sdk\9.0.201\NuGet.targets" del proyecto "D:\PROGRAMAS_MIOS\NoFences\NoFences\NoFences.csproj" (el destino "_GenerateRestoreProjectPathItemsCurrentProject" depende de él):
       Usando la tarea "ConvertToAbsolutePath" del ensamblado "Microsoft.Build.Tasks.Core, Version=15.1.0.0, Culture=neutral, PublicKeyToken=b03f5f7f11d50a3a".
       Tarea "ConvertToAbsolutePath"
       Ejecución de la tarea "ConvertToAbsolutePath" terminada.
   1:3>Compilación terminada del destino "_GenerateRestoreProjectPathItemsPerFramework" en el proyecto "NoFences.csproj".
   1:3>Destino "_GenerateRestoreProjectPathItemsCurrentProject" en el archivo "C:\Program Files\dotnet\sdk\9.0.201\NuGet.targets" del proyecto "D:\PROGRAMAS_MIOS\NoFences\NoFences\NoFences.csproj" (el destino "_GenerateRestoreProjectPathItems" depende de él):
   1:3>Compilación terminada del destino "_GenerateRestoreProjectPathItemsCurrentProject" en el proyecto "NoFences.csproj".
   1:3>Destino "_GenerateRestoreProjectPathItems" en el archivo "C:\Program Files\dotnet\sdk\9.0.201\NuGet.targets" del proyecto "D:\PROGRAMAS_MIOS\NoFences\NoFences\NoFences.csproj" (el destino "_GenerateRestoreProjectPathWalk" depende de él):
       Tarea "RemoveDuplicates"
       Ejecución de la tarea "RemoveDuplicates" terminada.
   1:3>Compilación terminada del destino "_GenerateRestoreProjectPathItems" en el proyecto "NoFences.csproj".
   1:3>Destino "_GenerateRestoreProjectPathWalk" en el archivo "C:\Program Files\dotnet\sdk\9.0.201\NuGet.targets" del proyecto "D:\PROGRAMAS_MIOS\NoFences\NoFences\NoFences.csproj" (punto de entrada):
       Tarea "MSBuild"
       Ejecución de la tarea "MSBuild" terminada.
       Se omitió la tarea "MSBuild" debido a una condición falsa (False); ( '$(RestoreUseSkipNonexistentTargets)' != 'true' ) se evaluó como ( 'true' != 'true' ).
       Tarea "RemoveDuplicates"
       Ejecución de la tarea "RemoveDuplicates" terminada.
   1:3>Compilación terminada del destino "_GenerateRestoreProjectPathWalk" en el proyecto "NoFences.csproj".
   1:3>Compilación del proyecto terminada "D:\PROGRAMAS_MIOS\NoFences\NoFences\NoFences.csproj" (_GenerateRestoreProjectPathWalk destinos).
     1>Ejecución de la tarea "MSBuild" terminada.
       Se omitió la tarea "MSBuild" debido a una condición falsa (False); ( '$(RestoreUseSkipNonexistentTargets)' != 'true' ) se evaluó como ( 'true' != 'true' ).
       Tarea "RemoveDuplicates"
       Ejecución de la tarea "RemoveDuplicates" terminada.
       Tarea "MSBuild"
         Propiedades globales:
           ExcludeRestorePackageImports=true
     1>El proyecto "D:\PROGRAMAS_MIOS\NoFences\NoFences\NoFences.csproj" (1) está compilando "D:\PROGRAMAS_MIOS\NoFences\NoFences\NoFences.csproj" (1:4) en el nodo 1 (_IsProjectRestoreSupported destinos).
   1:4>Se omitió el destino "_IsProjectRestoreSupported". Compilado previamente de forma correcta.
   1:4>Compilación del proyecto terminada "D:\PROGRAMAS_MIOS\NoFences\NoFences\NoFences.csproj" (_IsProjectRestoreSupported destinos).
     1>Ejecución de la tarea "MSBuild" terminada.
       Se omitió la tarea "MSBuild" debido a una condición falsa (False); ( '$(RestoreUseSkipNonexistentTargets)' != 'true' ) se evaluó como ( 'true' != 'true' ).
     1>Compilación terminada del destino "_GetAllRestoreProjectPathItems" en el proyecto "NoFences.csproj".
     1>Destino "_GenerateRestoreGraph" en el archivo "C:\Program Files\dotnet\sdk\9.0.201\NuGet.targets" del proyecto "D:\PROGRAMAS_MIOS\NoFences\NoFences\NoFences.csproj" (el destino "Restore" depende de él):
       Usando la tarea "Message" del ensamblado "Microsoft.Build.Tasks.Core, Version=15.1.0.0, Culture=neutral, PublicKeyToken=b03f5f7f11d50a3a".
       Tarea "Message"
         Generating dg file
       Ejecución de la tarea "Message" terminada.
       Tarea "Message"
         D:\PROGRAMAS_MIOS\NoFences\NoFences\NoFences.csproj
       Ejecución de la tarea "Message" terminada.
       Tarea "MSBuild"
         Propiedades globales:
           ExcludeRestorePackageImports=true
     1>El proyecto "D:\PROGRAMAS_MIOS\NoFences\NoFences\NoFences.csproj" (1) está compilando "D:\PROGRAMAS_MIOS\NoFences\NoFences\NoFences.csproj" (1:5) en el nodo 1 (_GenerateRestoreGraphProjectEntry destinos).
   1:5>Destino "_GetProjectJsonPath" en el archivo "C:\Program Files\dotnet\sdk\9.0.201\NuGet.targets" del proyecto "D:\PROGRAMAS_MIOS\NoFences\NoFences\NoFences.csproj" (el destino "_GetRestoreProjectStyle" depende de él):
   1:5>Se omitió la tarea "GetRestoreProjectJsonPathTask" debido a una condición falsa (False); ( '$(RestoreProjectStyle)' == 'ProjectJson' OR '$(RestoreProjectStyle)' == '' ) se evaluó como ( 'PackageReference' == 'ProjectJson' OR 'PackageReference' == '' ).
   1:5>Compilación terminada del destino "_GetProjectJsonPath" en el proyecto "NoFences.csproj".
       Se omitió el destino "_CheckForUnsupportedTargetPlatformIdentifier" debido a una condición falsa (False); ('$(TargetPlatformIdentifier)' != '' and '$(TargetFrameworkIdentifier)' == '.NETCoreApp' and $([MSBuild]::VersionGreaterThanOrEquals($(TargetFrameworkVersion), 5.0)) And ('$(DesignTimeBuild)' != 'true' Or '@(MissingWorkloadPack)' == '')) se evaluó como ('Windows' != '' and '.NETFramework' == '.NETCoreApp' and False And ('' != 'true' Or '' == '')).
       Se omitió el destino "_CheckForMissingWorkload" debido a una condición falsa (False); ('@(MissingWorkloadPack)' != '' And '$(DesignTimeBuild)' != 'true') se evaluó como ('' != '' And '' != 'true').
       Se omitió el destino "_CheckForUnsupportedNETCoreVersion" debido a una condición falsa (False); ('$(TargetFrameworkIdentifier)' == '.NETCoreApp' And '$(NETCoreAppMaximumVersion)' != '') se evaluó como ('.NETFramework' == '.NETCoreApp' And '9.0' != '').
       Se omitió el destino "_CheckForEolTargetFrameworks" debido a una condición falsa (False); ('@(_EolNetCoreTargetFrameworkVersions->AnyHaveMetadataValue('Identity', '$(_TargetFrameworkVersionWithoutV)'))' and '$(TargetFrameworkIdentifier)' == '.NETCoreApp' and '$(CheckEolTargetFramework)' == 'true') se evaluó como ('false' and '.NETFramework' == '.NETCoreApp' and 'true' == 'true').
       Se omitió el destino "_CheckForEolWorkloads" debido a una condición falsa (False); ('@(EolWorkload)' != '' and '$(CheckEolWorkloads)' == 'true') se evaluó como ('' != '' and 'true' == 'true').
       Se omitió el destino "_CheckForNotRecommendedNETStandardVersion" debido a una condición falsa (False); ('$(TargetFrameworkIdentifier)' == '.NETStandard' and $([MSBuild]::VersionLessThan($(TargetFrameworkVersion), '2.0'))) se evaluó como ('.NETFramework' == '.NETStandard' and False).
   1:5>Destino "_CheckForUnsupportedCppNETCoreVersion" en el archivo "C:\Program Files\dotnet\sdk\9.0.201\Sdks\Microsoft.NET.Sdk\targets\Microsoft.NET.TargetFrameworkInference.targets" del proyecto "D:\PROGRAMAS_MIOS\NoFences\NoFences\NoFences.csproj" (el destino "CollectPackageReferences" depende de él):
       Se omitió la tarea "NETSdkError" debido a una condición falsa (False); ('$(TargetFrameworkIdentifier)' == '.NETCoreApp' and '$(_TargetFrameworkVersionWithoutV)' < '3.1' and ('$(Language)' == 'C++' and '$(_EnablePackageReferencesInVCProjects)' != 'true')) se evaluó como ('.NETFramework' == '.NETCoreApp' and '4.8' < '3.1' and ('C#' == 'C++' and '' != 'true')).
   1:5>Compilación terminada del destino "_CheckForUnsupportedCppNETCoreVersion" en el proyecto "NoFences.csproj".
       Se omitió el destino "_CheckForUnsupportedNETStandardVersion" debido a una condición falsa (False); ('$(TargetFrameworkIdentifier)' == '.NETStandard' And '$(NETStandardMaximumVersion)' != '') se evaluó como ('.NETFramework' == '.NETStandard' And '' != '').
   1:5>Destino "_CheckForUnsupportedTargetFrameworkAndFeatureCombination" en el archivo "C:\Program Files\dotnet\sdk\9.0.201\Sdks\Microsoft.NET.Sdk\targets\Microsoft.NET.TargetFrameworkInference.targets" del proyecto "D:\PROGRAMAS_MIOS\NoFences\NoFences\NoFences.csproj" (el destino "CollectPackageReferences" depende de él):
       Se omitió la tarea "NETSdkError" debido a una condición falsa (False); ('$(UsingNETSdkDefaults)' != 'true') se evaluó como ('true' != 'true').
   1:5>Compilación terminada del destino "_CheckForUnsupportedTargetFrameworkAndFeatureCombination" en el proyecto "NoFences.csproj".
       Se omitió el destino "UpdateAspNetToFrameworkReference" debido a una condición falsa (False); ('$(TargetFrameworkIdentifier)' == '.NETCoreApp' And '$(_TargetFrameworkVersionWithoutV)' >= '3.0') se evaluó como ('.NETFramework' == '.NETCoreApp' And '4.8' >= '3.0').
   1:5>Destino "IncludeTargetingPackReference" en el archivo "C:\Program Files\dotnet\sdk\9.0.201\Sdks\Microsoft.NET.Sdk\targets\Microsoft.NET.Sdk.FrameworkReferenceResolution.targets" del proyecto "D:\PROGRAMAS_MIOS\NoFences\NoFences\NoFences.csproj" (el destino "CheckForImplicitPackageReferenceOverrides" depende de él):
       Usando la tarea "GetReferenceAssemblyPaths" del ensamblado "Microsoft.Build.Tasks.Core, Version=15.1.0.0, Culture=neutral, PublicKeyToken=b03f5f7f11d50a3a".
       Tarea "GetReferenceAssemblyPaths"
       Ejecución de la tarea "GetReferenceAssemblyPaths" terminada.
   1:5>Compilación terminada del destino "IncludeTargetingPackReference" en el proyecto "NoFences.csproj".
   1:5>Destino "CheckForImplicitPackageReferenceOverrides" en el archivo "C:\Program Files\dotnet\sdk\9.0.201\Sdks\Microsoft.NET.Sdk\targets\Microsoft.NET.Sdk.DefaultItems.Shared.targets" del proyecto "D:\PROGRAMAS_MIOS\NoFences\NoFences\NoFences.csproj" (el destino "ApplyImplicitVersions" depende de él):
       Usando la tarea "CheckForImplicitPackageReferenceOverrides" del ensamblado "C:\Program Files\dotnet\sdk\9.0.201\Sdks\Microsoft.NET.Sdk\targets\..\tools\net9.0\Microsoft.NET.Build.Tasks.dll".
       Tarea "CheckForImplicitPackageReferenceOverrides"
       Ejecución de la tarea "CheckForImplicitPackageReferenceOverrides" terminada.
   1:5>Compilación terminada del destino "CheckForImplicitPackageReferenceOverrides" en el proyecto "NoFences.csproj".
   1:5>Destino "ApplyImplicitVersions" en el archivo "C:\Program Files\dotnet\sdk\9.0.201\Sdks\Microsoft.NET.Sdk\targets\Microsoft.NET.Sdk.DefaultItems.Shared.targets" del proyecto "D:\PROGRAMAS_MIOS\NoFences\NoFences\NoFences.csproj" (el destino "CollectPackageReferences" depende de él):
       Usando la tarea "ApplyImplicitVersions" del ensamblado "C:\Program Files\dotnet\sdk\9.0.201\Sdks\Microsoft.NET.Sdk\targets\..\tools\net9.0\Microsoft.NET.Build.Tasks.dll".
       Tarea "ApplyImplicitVersions"
       Ejecución de la tarea "ApplyImplicitVersions" terminada.
   1:5>Compilación terminada del destino "ApplyImplicitVersions" en el proyecto "NoFences.csproj".
       Se omitió el destino "CheckForImplicitPackageReferenceOverrides". Compilado previamente de forma correcta.
       Se omitió el destino "ProcessFrameworkReferences" debido a una condición falsa (False); ('@(FrameworkReference)' != '' Or '$(_RequiresILLinkPack)' == 'true') se evaluó como ('' != '' Or '' == 'true').
       Se omitió el destino "_NormalizeTargetPlatformVersion" debido a una condición falsa (False); ('$(TargetPlatformVersion)' != '' and '$(TargetFrameworkIdentifier)' == '.NETCoreApp' and $([MSBuild]::VersionGreaterThanOrEquals($(TargetFrameworkVersion), 5.0)) and ('$(Language)' != 'C++' or '$(_EnablePackageReferencesInVCProjects)' == 'true')) se evaluó como ('7.0' != '' and '.NETFramework' == '.NETCoreApp' and False and ('C#' != 'C++' or '' == 'true')).
   1:5>Destino "_CheckForLanguageAndFeatureCombinationSupport" en el archivo "C:\Program Files\dotnet\sdk\9.0.201\Sdks\Microsoft.NET.Sdk\targets\Microsoft.NET.RuntimeIdentifierInference.targets" del proyecto "D:\PROGRAMAS_MIOS\NoFences\NoFences\NoFences.csproj" (el destino "ProcessFrameworkReferences" depende de él):
       Se omitió la tarea "NETSdkError" debido a una condición falsa (False); (('$(Language)' == 'C++' and '$(_EnablePackageReferencesInVCProjects)' != 'true') and $(OutputType) != 'library' and '$(TargetFrameworkIdentifier)' == '.NETCoreApp') se evaluó como (('C#' == 'C++' and '' != 'true') and WinExe != 'library' and '.NETFramework' == '.NETCoreApp').
       Se omitió la tarea "NETSdkError" debido a una condición falsa (False); (('$(Language)' == 'C++' and '$(_EnablePackageReferencesInVCProjects)' != 'true') and $(EnableComHosting) == 'true') se evaluó como (('C#' == 'C++' and '' != 'true') and  == 'true').
       Se omitió la tarea "NETSdkError" debido a una condición falsa (False); (('$(Language)' == 'C++' and '$(_EnablePackageReferencesInVCProjects)' != 'true') and $(SelfContained) == 'true') se evaluó como (('C#' == 'C++' and '' != 'true') and  == 'true').
   1:5>Compilación terminada del destino "_CheckForLanguageAndFeatureCombinationSupport" en el proyecto "NoFences.csproj".
   1:5>Destino "_ComputeToolPackInputsToProcessFrameworkReferences" en el archivo "C:\Program Files\dotnet\sdk\9.0.201\Sdks\Microsoft.NET.Sdk\targets\Microsoft.NET.Publish.targets" del proyecto "D:\PROGRAMAS_MIOS\NoFences\NoFences\NoFences.csproj" (el destino "ProcessFrameworkReferences" depende de él):
   1:5>Compilación terminada del destino "_ComputeToolPackInputsToProcessFrameworkReferences" en el proyecto "NoFences.csproj".
       Se omitió el destino "IncludeTargetingPackReference". Compilado previamente de forma correcta.
       Se omitió el destino "_CheckMicrosoftNetCompilersToolsetFrameworkPackageReference" debido a una condición falsa (False); ('$(MSBuildRuntimeType)' == 'Full') se evaluó como ('Core' == 'Full').
   1:5>Destino "_CheckForObsoleteDotNetCliToolReferences" en el archivo "C:\Program Files\dotnet\sdk\9.0.201\Sdks\Microsoft.NET.Sdk\targets\Microsoft.NET.ObsoleteReferences.targets" del proyecto "D:\PROGRAMAS_MIOS\NoFences\NoFences\NoFences.csproj" (el destino "CollectPackageReferences" depende de él):
       Se omitió la tarea "NETSdkWarning" debido a una condición falsa (False); ( '%(_ReferenceToObsoleteDotNetCliTool.Identity)' != '' ) se evaluó como ( '' != '' ).
   1:5>Compilación terminada del destino "_CheckForObsoleteDotNetCliToolReferences" en el proyecto "NoFences.csproj".
   1:5>Destino "CollectPackageReferences" en el archivo "C:\Program Files\dotnet\sdk\9.0.201\NuGet.targets" del proyecto "D:\PROGRAMAS_MIOS\NoFences\NoFences\NoFences.csproj" (el destino "_GetRestoreProjectStyle" depende de él):
       Usando la tarea "CheckForDuplicateNuGetItemsTask" del ensamblado "C:\Program Files\dotnet\sdk\9.0.201\NuGet.Build.Tasks.dll".
       Tarea "CheckForDuplicateNuGetItemsTask"
       Ejecución de la tarea "CheckForDuplicateNuGetItemsTask" terminada.
   1:5>Compilación terminada del destino "CollectPackageReferences" en el proyecto "NoFences.csproj".
   1:5>Destino "_GetRestoreProjectStyle" en el archivo "C:\Program Files\dotnet\sdk\9.0.201\NuGet.targets" del proyecto "D:\PROGRAMAS_MIOS\NoFences\NoFences\NoFences.csproj" (el destino "_GenerateRestoreSpecs" depende de él):
       Usando la tarea "GetRestoreProjectStyleTask" del ensamblado "C:\Program Files\dotnet\sdk\9.0.201\NuGet.Build.Tasks.dll".
       Tarea "GetRestoreProjectStyleTask"
       Ejecución de la tarea "GetRestoreProjectStyleTask" terminada.
   1:5>Compilación terminada del destino "_GetRestoreProjectStyle" en el proyecto "NoFences.csproj".
   1:5>Destino "_GenerateRestoreSpecs" en el archivo "C:\Program Files\dotnet\sdk\9.0.201\NuGet.targets" del proyecto "D:\PROGRAMAS_MIOS\NoFences\NoFences\NoFences.csproj" (el destino "_GenerateRestoreGraphProjectEntry" depende de él):
       Tarea "Message"
         Restore entry point D:\PROGRAMAS_MIOS\NoFences\NoFences\NoFences.csproj
       Ejecución de la tarea "Message" terminada.
   1:5>Compilación terminada del destino "_GenerateRestoreSpecs" en el proyecto "NoFences.csproj".
   1:5>Destino "_GetRestoreSettingsOverrides" en el archivo "C:\Program Files\dotnet\sdk\9.0.201\NuGet.targets" del proyecto "D:\PROGRAMAS_MIOS\NoFences\NoFences\NoFences.csproj" (el destino "_GetRestoreSettings" depende de él):
       Se omitió la tarea "MSBuild" debido a una condición falsa (False); ( '$(RestorePackagesPath)' != '' ) se evaluó como ( '' != '' ).
       Se omitió la tarea "MSBuild" debido a una condición falsa (False); ( '$(RestoreRepositoryPathOverride)' != '' ) se evaluó como ( '' != '' ).
       Se omitió la tarea "MSBuild" debido a una condición falsa (False); ( '$(RestoreSources)' != '' ) se evaluó como ( '' != '' ).
       Se omitió la tarea "MSBuild" debido a una condición falsa (False); ( '$(RestoreFallbackFolders)' != '' ) se evaluó como ( '' != '' ).
   1:5>Compilación terminada del destino "_GetRestoreSettingsOverrides" en el proyecto "NoFences.csproj".
   1:5>Destino "_GetRestoreSettingsPerFramework" en el archivo "C:\Program Files\dotnet\sdk\9.0.201\NuGet.targets" del proyecto "D:\PROGRAMAS_MIOS\NoFences\NoFences\NoFences.csproj" (el destino "_GetRestoreSettingsCurrentProject" depende de él):
   1:5>Compilación terminada del destino "_GetRestoreSettingsPerFramework" en el proyecto "NoFences.csproj".
   1:5>Destino "_GetRestoreSettingsCurrentProject" en el archivo "C:\Program Files\dotnet\sdk\9.0.201\NuGet.targets" del proyecto "D:\PROGRAMAS_MIOS\NoFences\NoFences\NoFences.csproj" (el destino "_GetRestoreSettings" depende de él):
   1:5>Compilación terminada del destino "_GetRestoreSettingsCurrentProject" en el proyecto "NoFences.csproj".
       Se omitió el destino "_GetRestoreSettingsAllFrameworks" debido a una condición falsa (False); ( '$(TargetFrameworks)' != '' AND '$(PackageReferenceCompatibleProjectStyle)' == 'true' ) se evaluó como ( '' != '' AND 'True' == 'true' ).
   1:5>Destino "_GetRestoreSettings" en el archivo "C:\Program Files\dotnet\sdk\9.0.201\NuGet.targets" del proyecto "D:\PROGRAMAS_MIOS\NoFences\NoFences\NoFences.csproj" (el destino "_GenerateDotnetCliToolReferenceSpecs" depende de él):
       Usando la tarea "GetRestoreSettingsTask" del ensamblado "C:\Program Files\dotnet\sdk\9.0.201\NuGet.Build.Tasks.dll".
       Tarea "GetRestoreSettingsTask"
         Ensamblado cargado durante TaskRun (NuGet.Build.Tasks.GetRestoreSettingsTask): NuGet.Configuration, Version=6.13.1.1, Culture=neutral, PublicKeyToken=31bf3856ad364e35(ubicación: C:\Program Files\dotnet\sdk\9.0.201\NuGet.Configuration.dll, MVID: 71f710a6-c07e-40dd-82d7-316c7cacaa6f, AssemblyLoadContext: MSBuild plugin C:\Program Files\dotnet\sdk\9.0.201\NuGet.Build.Tasks.dll)
       Ejecución de la tarea "GetRestoreSettingsTask" terminada.
   1:5>Compilación terminada del destino "_GetRestoreSettings" en el proyecto "NoFences.csproj".
   1:5>Destino "_GenerateDotnetCliToolReferenceSpecs" en el archivo "C:\Program Files\dotnet\sdk\9.0.201\NuGet.targets" del proyecto "D:\PROGRAMAS_MIOS\NoFences\NoFences\NoFences.csproj" (el destino "_GenerateRestoreGraphProjectEntry" depende de él):
       Usando la tarea "GetRestoreDotnetCliToolsTask" del ensamblado "C:\Program Files\dotnet\sdk\9.0.201\NuGet.Build.Tasks.dll".
       Tarea "GetRestoreDotnetCliToolsTask"
       Ejecución de la tarea "GetRestoreDotnetCliToolsTask" terminada.
   1:5>Compilación terminada del destino "_GenerateDotnetCliToolReferenceSpecs" en el proyecto "NoFences.csproj".
   1:5>Destino "_GenerateRestoreGraphProjectEntry" en el archivo "C:\Program Files\dotnet\sdk\9.0.201\NuGet.targets" del proyecto "D:\PROGRAMAS_MIOS\NoFences\NoFences\NoFences.csproj" (punto de entrada):
   1:5>Compilación terminada del destino "_GenerateRestoreGraphProjectEntry" en el proyecto "NoFences.csproj".
   1:5>Compilación del proyecto terminada "D:\PROGRAMAS_MIOS\NoFences\NoFences\NoFences.csproj" (_GenerateRestoreGraphProjectEntry destinos).
     1>Ejecución de la tarea "MSBuild" terminada.
       Tarea "MSBuild"
         Propiedades globales:
           ExcludeRestorePackageImports=true
     1>El proyecto "D:\PROGRAMAS_MIOS\NoFences\NoFences\NoFences.csproj" (1) está compilando "D:\PROGRAMAS_MIOS\NoFences\NoFences\NoFences.csproj" (1:6) en el nodo 1 (_GenerateProjectRestoreGraph destinos).
   1:6>Se omitió el destino "_GetRestoreProjectStyle". Compilado previamente de forma correcta.
       Se omitió el destino "_GetRestoreProjectStyle". Compilado previamente de forma correcta.
       Se omitió el destino "_GetRestoreProjectStyle". Compilado previamente de forma correcta.
   1:6>Destino "_GetRestoreTargetFrameworkOverride" en el archivo "C:\Program Files\dotnet\sdk\9.0.201\NuGet.targets" del proyecto "D:\PROGRAMAS_MIOS\NoFences\NoFences\NoFences.csproj" (el destino "_GetRestoreTargetFrameworksOutput" depende de él):
       Se omitió la tarea "GetGlobalPropertyValueTask" debido a una condición falsa (False); ( '$(TargetFrameworks)' != '' ) se evaluó como ( '' != '' ).
   1:6>Compilación terminada del destino "_GetRestoreTargetFrameworkOverride" en el proyecto "NoFences.csproj".
   1:6>Destino "_GetRestoreTargetFrameworksOutput" en el archivo "C:\Program Files\dotnet\sdk\9.0.201\NuGet.targets" del proyecto "D:\PROGRAMAS_MIOS\NoFences\NoFences\NoFences.csproj" (el destino "_GenerateRestoreProjectSpec" depende de él):
       Usando la tarea "GetProjectTargetFrameworksTask" del ensamblado "C:\Program Files\dotnet\sdk\9.0.201\NuGet.Build.Tasks.dll".
       Tarea "GetProjectTargetFrameworksTask"
       Ejecución de la tarea "GetProjectTargetFrameworksTask" terminada.
   1:6>Compilación terminada del destino "_GetRestoreTargetFrameworksOutput" en el proyecto "NoFences.csproj".
       Se omitió el destino "_GetRestoreSettings". Compilado previamente de forma correcta.
   1:6>Destino "_GenerateRestoreProjectSpec" en el archivo "C:\Program Files\dotnet\sdk\9.0.201\NuGet.targets" del proyecto "D:\PROGRAMAS_MIOS\NoFences\NoFences\NoFences.csproj" (el destino "_GenerateProjectRestoreGraph" depende de él):
       Tarea "ConvertToAbsolutePath"
       Ejecución de la tarea "ConvertToAbsolutePath" terminada.
   1:6>Compilación terminada del destino "_GenerateRestoreProjectSpec" en el proyecto "NoFences.csproj".
       Se omitió el destino "_GenerateProjectRestoreGraphAllFrameworks" debido a una condición falsa (False); ( '$(TargetFrameworks)' != '' ) se evaluó como ( '' != '' ).
       Se omitió el destino "_GetRestoreProjectStyle". Compilado previamente de forma correcta.
       Se omitió el destino "CollectPackageReferences". Compilado previamente de forma correcta.
       Se omitió el destino "ProcessFrameworkReferences" debido a una condición falsa (False); ('@(FrameworkReference)' != '' Or '$(_RequiresILLinkPack)' == 'true') se evaluó como ('' != '' Or 'false' == 'true').
       Se omitió el destino "_NormalizeTargetPlatformVersion" debido a una condición falsa (False); ('$(TargetPlatformVersion)' != '' and '$(TargetFrameworkIdentifier)' == '.NETCoreApp' and $([MSBuild]::VersionGreaterThanOrEquals($(TargetFrameworkVersion), 5.0)) and ('$(Language)' != 'C++' or '$(_EnablePackageReferencesInVCProjects)' == 'true')) se evaluó como ('7.0' != '' and '.NETFramework' == '.NETCoreApp' and False and ('C#' != 'C++' or '' == 'true')).
   1:6>Destino "CollectPackageDownloads" en el archivo "C:\Program Files\dotnet\sdk\9.0.201\NuGet.targets" del proyecto "D:\PROGRAMAS_MIOS\NoFences\NoFences\NoFences.csproj" (el destino "_CollectRestoreInputs" depende de él):
       Tarea "CheckForDuplicateNuGetItemsTask"
       Ejecución de la tarea "CheckForDuplicateNuGetItemsTask" terminada.
   1:6>Compilación terminada del destino "CollectPackageDownloads" en el proyecto "NoFences.csproj".
   1:6>Destino "CollectFrameworkReferences" en el archivo "C:\Program Files\dotnet\sdk\9.0.201\NuGet.targets" del proyecto "D:\PROGRAMAS_MIOS\NoFences\NoFences\NoFences.csproj" (el destino "_CollectRestoreInputs" depende de él):
   1:6>Compilación terminada del destino "CollectFrameworkReferences" en el proyecto "NoFences.csproj".
   1:6>Destino "CollectCentralPackageVersions" en el archivo "C:\Program Files\dotnet\sdk\9.0.201\NuGet.targets" del proyecto "D:\PROGRAMAS_MIOS\NoFences\NoFences\NoFences.csproj" (el destino "_CollectRestoreInputs" depende de él):
       Tarea "CheckForDuplicateNuGetItemsTask"
       Ejecución de la tarea "CheckForDuplicateNuGetItemsTask" terminada.
   1:6>Compilación terminada del destino "CollectCentralPackageVersions" en el proyecto "NoFences.csproj".
   1:6>Destino "CollectNuGetAuditSuppressions" en el archivo "C:\Program Files\dotnet\sdk\9.0.201\NuGet.targets" del proyecto "D:\PROGRAMAS_MIOS\NoFences\NoFences\NoFences.csproj" (el destino "_CollectRestoreInputs" depende de él):
       Tarea "CheckForDuplicateNuGetItemsTask"
       Ejecución de la tarea "CheckForDuplicateNuGetItemsTask" terminada.
   1:6>Compilación terminada del destino "CollectNuGetAuditSuppressions" en el proyecto "NoFences.csproj".
       Se omitió el destino "AddPrunePackageReferences" debido a una condición falsa (False); ('$(RestoreEnablePackagePruning)' == 'true') se evaluó como ('false' == 'true').
   1:6>Destino "CollectPrunePackageReferences" en el archivo "C:\Program Files\dotnet\sdk\9.0.201\NuGet.targets" del proyecto "D:\PROGRAMAS_MIOS\NoFences\NoFences\NoFences.csproj" (el destino "_CollectRestoreInputs" depende de él):
       Tarea "CheckForDuplicateNuGetItemsTask"
       Ejecución de la tarea "CheckForDuplicateNuGetItemsTask" terminada.
   1:6>Compilación terminada del destino "CollectPrunePackageReferences" en el proyecto "NoFences.csproj".
   1:6>Destino "_CollectRestoreInputs" en el archivo "C:\Program Files\dotnet\sdk\9.0.201\NuGet.targets" del proyecto "D:\PROGRAMAS_MIOS\NoFences\NoFences\NoFences.csproj" (el destino "_GenerateProjectRestoreGraphPerFramework" depende de él):
   1:6>Compilación terminada del destino "_CollectRestoreInputs" en el proyecto "NoFences.csproj".
       Se omitió el destino "PrepRestoreForStoreProjects" debido a una condición falsa (False); ('$(StorePackageName)' != '') se evaluó como ('' != '').
   1:6>Destino "_GenerateProjectRestoreGraphPerFramework" en el archivo "C:\Program Files\dotnet\sdk\9.0.201\NuGet.targets" del proyecto "D:\PROGRAMAS_MIOS\NoFences\NoFences\NoFences.csproj" (el destino "_GenerateProjectRestoreGraphCurrentProject" depende de él):
       Usando la tarea "GetRestoreProjectReferencesTask" del ensamblado "C:\Program Files\dotnet\sdk\9.0.201\NuGet.Build.Tasks.dll".
       Tarea "GetRestoreProjectReferencesTask"
       Ejecución de la tarea "GetRestoreProjectReferencesTask" terminada.
       Usando la tarea "GetRestorePackageReferencesTask" del ensamblado "C:\Program Files\dotnet\sdk\9.0.201\NuGet.Build.Tasks.dll".
       Tarea "GetRestorePackageReferencesTask"
       Ejecución de la tarea "GetRestorePackageReferencesTask" terminada.
       Se omitió la tarea "GetCentralPackageVersionsTask" debido a una condición falsa (False); ( '$(PackageReferenceCompatibleProjectStyle)' == 'true' AND '$(_CentralPackageVersionsEnabled)' == 'true' ) se evaluó como ( 'True' == 'true' AND '' == 'true' ).
       Usando la tarea "GetRestorePackageDownloadsTask" del ensamblado "C:\Program Files\dotnet\sdk\9.0.201\NuGet.Build.Tasks.dll".
       Tarea "GetRestorePackageDownloadsTask"
       Ejecución de la tarea "GetRestorePackageDownloadsTask" terminada.
       Usando la tarea "GetRestoreFrameworkReferencesTask" del ensamblado "C:\Program Files\dotnet\sdk\9.0.201\NuGet.Build.Tasks.dll".
       Tarea "GetRestoreFrameworkReferencesTask"
       Ejecución de la tarea "GetRestoreFrameworkReferencesTask" terminada.
       Usando la tarea "GetRestoreNuGetAuditSuppressionsTask" del ensamblado "C:\Program Files\dotnet\sdk\9.0.201\NuGet.Build.Tasks.dll".
       Tarea "GetRestoreNuGetAuditSuppressionsTask"
       Ejecución de la tarea "GetRestoreNuGetAuditSuppressionsTask" terminada.
       Usando la tarea "GetRestorePrunePackageReferencesTask" del ensamblado "C:\Program Files\dotnet\sdk\9.0.201\NuGet.Build.Tasks.dll".
       Tarea "GetRestorePrunePackageReferencesTask"
       Ejecución de la tarea "GetRestorePrunePackageReferencesTask" terminada.
   1:6>Compilación terminada del destino "_GenerateProjectRestoreGraphPerFramework" en el proyecto "NoFences.csproj".
   1:6>Destino "_GenerateProjectRestoreGraphCurrentProject" en el archivo "C:\Program Files\dotnet\sdk\9.0.201\NuGet.targets" del proyecto "D:\PROGRAMAS_MIOS\NoFences\NoFences\NoFences.csproj" (el destino "_GenerateRestoreDependencies" depende de él):
   1:6>Compilación terminada del destino "_GenerateProjectRestoreGraphCurrentProject" en el proyecto "NoFences.csproj".
   1:6>Destino "_GenerateRestoreDependencies" en el archivo "C:\Program Files\dotnet\sdk\9.0.201\NuGet.targets" del proyecto "D:\PROGRAMAS_MIOS\NoFences\NoFences\NoFences.csproj" (el destino "_GenerateProjectRestoreGraph" depende de él):
   1:6>Compilación terminada del destino "_GenerateRestoreDependencies" en el proyecto "NoFences.csproj".
   1:6>Destino "_GenerateProjectRestoreGraph" en el archivo "C:\Program Files\dotnet\sdk\9.0.201\NuGet.targets" del proyecto "D:\PROGRAMAS_MIOS\NoFences\NoFences\NoFences.csproj" (punto de entrada):
   1:6>Compilación terminada del destino "_GenerateProjectRestoreGraph" en el proyecto "NoFences.csproj".
   1:6>Compilación del proyecto terminada "D:\PROGRAMAS_MIOS\NoFences\NoFences\NoFences.csproj" (_GenerateProjectRestoreGraph destinos).
     1>Ejecución de la tarea "MSBuild" terminada.
     1>Compilación terminada del destino "_GenerateRestoreGraph" en el proyecto "NoFences.csproj".
       Se omitió el destino "_CheckForUnsupportedTargetFramework" debido a una condición falsa (False); ('$(_UnsupportedTargetFrameworkError)' == 'true') se evaluó como ('' == 'true').
     1>Destino "_CollectTargetFrameworkForTelemetry" en el archivo "C:\Program Files\dotnet\sdk\9.0.201\Sdks\Microsoft.NET.Sdk\targets\Microsoft.NET.TargetFrameworkInference.targets" del proyecto "D:\PROGRAMAS_MIOS\NoFences\NoFences\NoFences.csproj" (el destino "Restore" depende de él):
       Usando la tarea "AllowEmptyTelemetry" del ensamblado "C:\Program Files\dotnet\sdk\9.0.201\Sdks\Microsoft.NET.Sdk\targets\..\tools\net9.0\Microsoft.NET.Build.Tasks.dll".
       Tarea "AllowEmptyTelemetry"
       Ejecución de la tarea "AllowEmptyTelemetry" terminada.
     1>Compilación terminada del destino "_CollectTargetFrameworkForTelemetry" en el proyecto "NoFences.csproj".
       Se omitió el destino "_CheckForUnsupportedNETCoreVersion" debido a una condición falsa (False); ('$(TargetFrameworkIdentifier)' == '.NETCoreApp' And '$(NETCoreAppMaximumVersion)' != '') se evaluó como ('.NETFramework' == '.NETCoreApp' And '9.0' != '').
       Se omitió el destino "_CheckForEolTargetFrameworks" debido a una condición falsa (False); ('@(_EolNetCoreTargetFrameworkVersions->AnyHaveMetadataValue('Identity', '$(_TargetFrameworkVersionWithoutV)'))' and '$(TargetFrameworkIdentifier)' == '.NETCoreApp' and '$(CheckEolTargetFramework)' == 'true') se evaluó como ('false' and '.NETFramework' == '.NETCoreApp' and 'true' == 'true').
       Se omitió el destino "_CheckForEolWorkloads" debido a una condición falsa (False); ('@(EolWorkload)' != '' and '$(CheckEolWorkloads)' == 'true') se evaluó como ('' != '' and 'true' == 'true').
       Se omitió el destino "_CheckForNotRecommendedNETStandardVersion" debido a una condición falsa (False); ('$(TargetFrameworkIdentifier)' == '.NETStandard' and $([MSBuild]::VersionLessThan($(TargetFrameworkVersion), '2.0'))) se evaluó como ('.NETFramework' == '.NETStandard' and False).
     1>Destino "_CheckForUnsupportedCppNETCoreVersion" en el archivo "C:\Program Files\dotnet\sdk\9.0.201\Sdks\Microsoft.NET.Sdk\targets\Microsoft.NET.TargetFrameworkInference.targets" del proyecto "D:\PROGRAMAS_MIOS\NoFences\NoFences\NoFences.csproj" (el destino "Restore" depende de él):
       Se omitió la tarea "NETSdkError" debido a una condición falsa (False); ('$(TargetFrameworkIdentifier)' == '.NETCoreApp' and '$(_TargetFrameworkVersionWithoutV)' < '3.1' and ('$(Language)' == 'C++' and '$(_EnablePackageReferencesInVCProjects)' != 'true')) se evaluó como ('.NETFramework' == '.NETCoreApp' and '4.8' < '3.1' and ('C#' == 'C++' and '' != 'true')).
     1>Compilación terminada del destino "_CheckForUnsupportedCppNETCoreVersion" en el proyecto "NoFences.csproj".
       Se omitió el destino "_CheckForUnsupportedNETStandardVersion" debido a una condición falsa (False); ('$(TargetFrameworkIdentifier)' == '.NETStandard' And '$(NETStandardMaximumVersion)' != '') se evaluó como ('.NETFramework' == '.NETStandard' And '' != '').
     1>Destino "_CheckForUnsupportedTargetFrameworkAndFeatureCombination" en el archivo "C:\Program Files\dotnet\sdk\9.0.201\Sdks\Microsoft.NET.Sdk\targets\Microsoft.NET.TargetFrameworkInference.targets" del proyecto "D:\PROGRAMAS_MIOS\NoFences\NoFences\NoFences.csproj" (el destino "Restore" depende de él):
       Se omitió la tarea "NETSdkError" debido a una condición falsa (False); ('$(UsingNETSdkDefaults)' != 'true') se evaluó como ('true' != 'true').
     1>Compilación terminada del destino "_CheckForUnsupportedTargetFrameworkAndFeatureCombination" en el proyecto "NoFences.csproj".
     1>Destino "Restore" en el archivo "C:\Program Files\dotnet\sdk\9.0.201\NuGet.targets" del proyecto "D:\PROGRAMAS_MIOS\NoFences\NoFences\NoFences.csproj" (punto de entrada):
       Tarea "RemoveDuplicates"
       Ejecución de la tarea "RemoveDuplicates" terminada.
       Usando la tarea "RestoreTask" del ensamblado "C:\Program Files\dotnet\sdk\9.0.201\NuGet.Build.Tasks.dll".
       Tarea "RestoreTask"
         Ensamblado cargado durante TaskRun (NuGet.Build.Tasks.RestoreTask): NuGet.Packaging, Version=6.13.1.1, Culture=neutral, PublicKeyToken=31bf3856ad364e35(ubicación: C:\Program Files\dotnet\sdk\9.0.201\NuGet.Packaging.dll, MVID: 8e509d75-1f26-40eb-a2bd-68d98541b0c2, AssemblyLoadContext: MSBuild plugin C:\Program Files\dotnet\sdk\9.0.201\NuGet.Build.Tasks.dll)
         Ensamblado cargado durante TaskRun (NuGet.Build.Tasks.RestoreTask): NuGet.LibraryModel, Version=6.13.1.1, Culture=neutral, PublicKeyToken=31bf3856ad364e35(ubicación: C:\Program Files\dotnet\sdk\9.0.201\NuGet.LibraryModel.dll, MVID: ea6f9576-3ae4-472c-bf7f-8b660834c7a9, AssemblyLoadContext: MSBuild plugin C:\Program Files\dotnet\sdk\9.0.201\NuGet.Build.Tasks.dll)
         Ensamblado cargado durante TaskRun (NuGet.Build.Tasks.RestoreTask): NuGet.Versioning, Version=6.13.1.1, Culture=neutral, PublicKeyToken=31bf3856ad364e35(ubicación: C:\Program Files\dotnet\sdk\9.0.201\NuGet.Versioning.dll, MVID: 8aca7b52-6d35-4e61-95dd-8b3cb9fb25e9, AssemblyLoadContext: MSBuild plugin C:\Program Files\dotnet\sdk\9.0.201\NuGet.Build.Tasks.dll)
         Ensamblado cargado durante TaskRun (NuGet.Build.Tasks.RestoreTask): NuGet.Frameworks, Version=6.13.1.1, Culture=neutral, PublicKeyToken=31bf3856ad364e35(ubicación: C:\Program Files\dotnet\sdk\9.0.201\NuGet.Frameworks.dll, MVID: c6731e31-84cf-42b1-a40d-96c2afe511dc, AssemblyLoadContext: MSBuild plugin C:\Program Files\dotnet\sdk\9.0.201\NuGet.Build.Tasks.dll)
         Ensamblado cargado durante TaskRun (NuGet.Build.Tasks.RestoreTask): System.Buffers, Version=9.0.0.0, Culture=neutral, PublicKeyToken=cc7b13ffcd2ddd51(ubicación: C:\Program Files\dotnet\shared\Microsoft.NETCore.App\9.0.3\System.Buffers.dll, MVID: 2fb3a08d-0cea-45d4-b7a0-87d9a3977453, AssemblyLoadContext: Default)
         Ensamblado cargado durante TaskRun (NuGet.Build.Tasks.RestoreTask): NuGet.Protocol, Version=6.13.1.1, Culture=neutral, PublicKeyToken=31bf3856ad364e35(ubicación: C:\Program Files\dotnet\sdk\9.0.201\NuGet.Protocol.dll, MVID: 74de8589-f9b7-41ee-8b24-acc517a138fb, AssemblyLoadContext: MSBuild plugin C:\Program Files\dotnet\sdk\9.0.201\NuGet.Build.Tasks.dll)
         Ensamblado cargado durante TaskRun (NuGet.Build.Tasks.RestoreTask): NuGet.Credentials, Version=6.13.1.1, Culture=neutral, PublicKeyToken=31bf3856ad364e35(ubicación: C:\Program Files\dotnet\sdk\9.0.201\NuGet.Credentials.dll, MVID: 2f8f957f-bc06-450f-9c6f-3157d01717bd, AssemblyLoadContext: MSBuild plugin C:\Program Files\dotnet\sdk\9.0.201\NuGet.Build.Tasks.dll)
         Ensamblado cargado durante TaskRun (NuGet.Build.Tasks.RestoreTask): NuGet.Packaging.resources, Version=6.13.1.1, Culture=es, PublicKeyToken=31bf3856ad364e35, processorArchitecture=MSIL(ubicación: C:\Program Files\dotnet\sdk\9.0.201\es\NuGet.Packaging.resources.dll, MVID: 2eb68fe4-3bc0-4212-bd60-be240bc1e179, AssemblyLoadContext: MSBuild plugin C:\Program Files\dotnet\sdk\9.0.201\NuGet.Build.Tasks.dll)
         La validación de la cadena de certificados X.509 utilizará el almacén de confianza predeterminado seleccionado por .NET para la firma de código.
         La validación de la cadena de certificados X.509 utilizará el almacén de confianza predeterminado seleccionado por .NET para la marca de tiempo.
         Ensamblado cargado durante TaskRun (NuGet.Build.Tasks.RestoreTask): NuGet.DependencyResolver.Core, Version=6.13.1.1, Culture=neutral, PublicKeyToken=31bf3856ad364e35(ubicación: C:\Program Files\dotnet\sdk\9.0.201\NuGet.DependencyResolver.Core.dll, MVID: 8d2edb2a-d1b8-4c21-be43-f79e972cb284, AssemblyLoadContext: MSBuild plugin C:\Program Files\dotnet\sdk\9.0.201\NuGet.Build.Tasks.dll)
         Ensamblado cargado durante TaskRun (NuGet.Build.Tasks.RestoreTask): NuGet.Commands.resources, Version=6.13.1.1, Culture=es, PublicKeyToken=31bf3856ad364e35, processorArchitecture=MSIL(ubicación: C:\Program Files\dotnet\sdk\9.0.201\es\NuGet.Commands.resources.dll, MVID: 6e515d13-009a-4ccc-937b-d0c3f0bbf46a, AssemblyLoadContext: MSBuild plugin C:\Program Files\dotnet\sdk\9.0.201\NuGet.Build.Tasks.dll)
         Ejecutando restauración con 16 trabajos simultáneos.
         Leyendo el archivo del proyecto D:\PROGRAMAS_MIOS\NoFences\NoFences\NoFences.csproj.
         Ensamblado cargado durante TaskRun (NuGet.Build.Tasks.RestoreTask): Newtonsoft.Json, Version=13.0.0.0, Culture=neutral, PublicKeyToken=30ad4fe6b2a6aeed(ubicación: C:\Program Files\dotnet\sdk\9.0.201\Newtonsoft.Json.dll, MVID: 7e62198b-eab2-4380-bbac-29171862d1d8, AssemblyLoadContext: MSBuild plugin C:\Program Files\dotnet\sdk\9.0.201\NuGet.Build.Tasks.dll)
         Ensamblado cargado durante TaskRun (NuGet.Build.Tasks.RestoreTask): System.Runtime.Serialization.Primitives, Version=9.0.0.0, Culture=neutral, PublicKeyToken=b03f5f7f11d50a3a(ubicación: C:\Program Files\dotnet\shared\Microsoft.NETCore.App\9.0.3\System.Runtime.Serialization.Primitives.dll, MVID: 4bb66a57-0c00-49f3-9b42-cc84e0420579, AssemblyLoadContext: Default)
         Ensamblado cargado durante TaskRun (NuGet.Build.Tasks.RestoreTask): System.Runtime.Numerics, Version=9.0.0.0, Culture=neutral, PublicKeyToken=b03f5f7f11d50a3a(ubicación: C:\Program Files\dotnet\shared\Microsoft.NETCore.App\9.0.3\System.Runtime.Numerics.dll, MVID: 293fcfe2-d032-43ad-bc68-0b9cddd6e749, AssemblyLoadContext: Default)
         Ensamblado cargado durante TaskRun (NuGet.Build.Tasks.RestoreTask): System.Linq.Expressions, Version=9.0.0.0, Culture=neutral, PublicKeyToken=b03f5f7f11d50a3a(ubicación: C:\Program Files\dotnet\shared\Microsoft.NETCore.App\9.0.3\System.Linq.Expressions.dll, MVID: 8cd1138c-5c25-495e-acab-4b35de58a5ef, AssemblyLoadContext: Default)
         Ensamblado cargado durante TaskRun (NuGet.Build.Tasks.RestoreTask): System.ComponentModel.TypeConverter, Version=9.0.0.0, Culture=neutral, PublicKeyToken=b03f5f7f11d50a3a(ubicación: C:\Program Files\dotnet\shared\Microsoft.NETCore.App\9.0.3\System.ComponentModel.TypeConverter.dll, MVID: 7318edef-c0c4-44c0-8423-75b4377b685d, AssemblyLoadContext: Default)
         Ensamblado cargado durante TaskRun (NuGet.Build.Tasks.RestoreTask): System.ObjectModel, Version=9.0.0.0, Culture=neutral, PublicKeyToken=b03f5f7f11d50a3a(ubicación: C:\Program Files\dotnet\shared\Microsoft.NETCore.App\9.0.3\System.ObjectModel.dll, MVID: 0f51a83f-58d0-4cc6-b013-978f4e4c10c2, AssemblyLoadContext: Default)
         Las entradas de restauración de "NoFences" no han cambiado. No se necesitan más acciones para finalizar la restauración.
         Ejecutando restauración...
         El archivo de recursos no ha cambiado, así que se omitirá su escritura. Ruta de acceso: D:\PROGRAMAS_MIOS\NoFences\NoFences\obj\project.assets.json
         No hay ninguna operación de restauración. La caché no se actualizará. Ruta de acceso: D:\PROGRAMAS_MIOS\NoFences\NoFences\obj\project.nuget.cache
         Ensamblado cargado durante TaskRun (NuGet.Build.Tasks.RestoreTask): NuGet.Common.resources, Version=6.13.1.1, Culture=es, PublicKeyToken=31bf3856ad364e35, processorArchitecture=MSIL(ubicación: C:\Program Files\dotnet\sdk\9.0.201\es\NuGet.Common.resources.dll, MVID: 9318da76-5ef9-4158-93c0-2c11b49afa9d, AssemblyLoadContext: MSBuild plugin C:\Program Files\dotnet\sdk\9.0.201\NuGet.Build.Tasks.dll)
         Se ha restaurado D:\PROGRAMAS_MIOS\NoFences\NoFences\NoFences.csproj (en 27 ms).
         
         Archivos de NuGet Config usados:
             C:\Users\Notbanzz\AppData\Roaming\NuGet\NuGet.Config
             C:\Program Files (x86)\NuGet\Config\Microsoft.VisualStudio.FallbackLocation.config
             C:\Program Files (x86)\NuGet\Config\Microsoft.VisualStudio.Offline.config
         
         Fuentes usadas:
             https://api.nuget.org/v3/index.json
             C:\Program Files (x86)\Microsoft SDKs\NuGetPackages\
         Todos los proyectos están actualizados para la restauración.
       Ejecución de la tarea "RestoreTask" terminada.
     1>Compilación terminada del destino "Restore" en el proyecto "NoFences.csproj".
     1>Compilación del proyecto terminada "D:\PROGRAMAS_MIOS\NoFences\NoFences\NoFences.csproj" (Restore destinos).
     0>El SDK "Microsoft.NET.Sdk" se resolvió correctamente mediante el resolvedor "DefaultSdkResolver" a la ubicación "C:\Program Files\dotnet\sdk\9.0.201\Sdks\Microsoft.NET.Sdk\Sdk" y la versión "".
       C:\Program Files\dotnet\sdk\9.0.201\Sdks\Microsoft.NET.Sdk\Sdk\Sdk.props(49,11): message : Propiedad "MSBuildExtensionsPath" con el valor "C:\Program Files\dotnet\sdk\9.0.201\" expandido desde el entorno.
       Reasignación de propiedad: $(MSBuildProjectExtensionsPath)="D:\PROGRAMAS_MIOS\NoFences\NoFences\obj\" (valor anterior: "obj\") en C:\Program Files\dotnet\sdk\9.0.201\Current\Microsoft.Common.props (60,5)
       D:\PROGRAMAS_MIOS\NoFences\NoFences\obj\NoFences.csproj.nuget.g.props(7,5): message : Propiedad "USERPROFILE" con el valor "C:\Users\Notbanzz" expandido desde el entorno.
       C:\Program Files\dotnet\sdk\9.0.201\Current\Microsoft.Common.props(84,119): message : Propiedad "MSBuildUserExtensionsPath" con el valor "C:\Users\Notbanzz\AppData\Local\Microsoft\MSBuild" expandido desde el entorno.
       Reasignación de propiedad: $(AssemblySearchPaths)="{CandidateAssemblyFiles};{HintPathFromItem}" (valor anterior: "{CandidateAssemblyFiles}") en C:\Program Files\dotnet\sdk\9.0.201\Sdks\Microsoft.NET.Sdk\targets\Microsoft.NET.Sdk.props (90,5)
       Reasignación de propiedad: $(AssemblySearchPaths)="{CandidateAssemblyFiles};{HintPathFromItem};{TargetFrameworkDirectory}" (valor anterior: "{CandidateAssemblyFiles};{HintPathFromItem}") en C:\Program Files\dotnet\sdk\9.0.201\Sdks\Microsoft.NET.Sdk\targets\Microsoft.NET.Sdk.props (91,5)
       Reasignación de propiedad: $(AssemblySearchPaths)="{CandidateAssemblyFiles};{HintPathFromItem};{TargetFrameworkDirectory};{RawFileName}" (valor anterior: "{CandidateAssemblyFiles};{HintPathFromItem};{TargetFrameworkDirectory}") en C:\Program Files\dotnet\sdk\9.0.201\Sdks\Microsoft.NET.Sdk\targets\Microsoft.NET.Sdk.props (92,5)
       El solucionador "DefaultSdkResolver" intentó resolver el SDK "Microsoft.NET.SDK.WorkloadAutoImportPropsLocator".
       Advertencias: null
       Errores: MSB4276: La resolución predeterminada del SDK no pudo resolver el SDK "Microsoft.NET.SDK.WorkloadAutoImportPropsLocator" porque el directorio "C:\Program Files\dotnet\sdk\9.0.201\Sdks\Microsoft.NET.SDK.WorkloadAutoImportPropsLocator\Sdk" no existía.
       El SDK "Microsoft.NET.SDK.WorkloadAutoImportPropsLocator" se resolvió correctamente mediante el resolvedor "Microsoft.DotNet.MSBuildWorkloadSdkResolver" a la ubicación "null" y la versión "null".
       Reasignación de propiedad: $(TargetsForTfmSpecificContentInPackage)=";PackTool;_PackProjectToolValidation" (valor anterior: ";PackTool") en C:\Program Files\dotnet\sdk\9.0.201\Sdks\Microsoft.NET.Sdk\targets\Microsoft.NET.PackProjectTool.props (15,5)
       Reasignación de propiedad: $(OutputType)="WinExe" (valor anterior: "Library") en D:\PROGRAMAS_MIOS\NoFences\NoFences\NoFences.csproj (4,5)
       Reasignación de propiedad: $(PublishProfileImported)="false" (valor anterior: "true") en C:\Program Files\dotnet\sdk\9.0.201\Sdks\Microsoft.NET.Sdk\targets\Microsoft.NET.Sdk.ImportPublishProfile.targets (28,5)
       Reasignación de propiedad: $(TargetPlatformVersion)="" (valor anterior: "0.0") en C:\Program Files\dotnet\sdk\9.0.201\Sdks\Microsoft.NET.Sdk\targets\Microsoft.NET.TargetFrameworkInference.targets (69,5)
       Reasignación de propiedad: $(DefaultItemExcludes)=";bin\Debug\/**;obj\Debug\/**" (valor anterior: ";bin\Debug\/**") en C:\Program Files\dotnet\sdk\9.0.201\Sdks\Microsoft.NET.Sdk\targets\Microsoft.NET.DefaultOutputPaths.targets (122,5)
       Reasignación de propiedad: $(OutputPath)="bin\Debug\net48\" (valor anterior: "bin\Debug\") en C:\Program Files\dotnet\sdk\9.0.201\Sdks\Microsoft.NET.Sdk\targets\Microsoft.NET.DefaultOutputPaths.targets (137,5)
       Reasignación de propiedad: $(IntermediateOutputPath)="obj\Debug\net48\" (valor anterior: "obj\Debug\") en C:\Program Files\dotnet\sdk\9.0.201\Sdks\Microsoft.NET.Sdk\targets\Microsoft.NET.DefaultOutputPaths.targets (142,5)
       El solucionador "DefaultSdkResolver" intentó resolver el SDK "Microsoft.NET.SDK.WorkloadManifestTargetsLocator".
       Advertencias: null
       Errores: MSB4276: La resolución predeterminada del SDK no pudo resolver el SDK "Microsoft.NET.SDK.WorkloadManifestTargetsLocator" porque el directorio "C:\Program Files\dotnet\sdk\9.0.201\Sdks\Microsoft.NET.SDK.WorkloadManifestTargetsLocator\Sdk" no existía.
       El SDK "Microsoft.NET.SDK.WorkloadManifestTargetsLocator" se resolvió correctamente mediante el resolvedor "Microsoft.DotNet.MSBuildWorkloadSdkResolver" a la ubicación "C:\Program Files\dotnet\sdk-manifests\9.0.100\microsoft.net.sdk.android\35.0.39" y la versión "null".
       Reasignación de propiedad: $(RuntimeIdentifier)="win-x86" (valor anterior: "win7-x86") en C:\Program Files\dotnet\sdk\9.0.201\Sdks\Microsoft.NET.Sdk\targets\Microsoft.NET.RuntimeIdentifierInference.targets (63,5)
       Reasignación de propiedad: $(_FrameworkIdentifierForImplicitDefine)="NET" (valor anterior: "NETFRAMEWORK") en C:\Program Files\dotnet\sdk\9.0.201\Sdks\Microsoft.NET.Sdk\targets\Microsoft.NET.Sdk.BeforeCommon.targets (189,5)
       Reasignación de propiedad: $(_FrameworkVersionForImplicitDefine)="4_8" (valor anterior: "4.8") en C:\Program Files\dotnet\sdk\9.0.201\Sdks\Microsoft.NET.Sdk\targets\Microsoft.NET.Sdk.BeforeCommon.targets (192,5)
       Reasignación de propiedad: $(_FrameworkVersionForImplicitDefine)="48" (valor anterior: "4_8") en C:\Program Files\dotnet\sdk\9.0.201\Sdks\Microsoft.NET.Sdk\targets\Microsoft.NET.Sdk.BeforeCommon.targets (193,5)
       Reasignación de propiedad: $(CommandLineArgsForDesignTimeEvaluation)="-langversion:7.3 -define:TRACE" (valor anterior: "-langversion:7.3") en C:\Program Files\dotnet\sdk\9.0.201\Roslyn\Microsoft.CSharp.Core.targets (200,5)
       Reasignación de propiedad: $(AvailablePlatforms)="Any CPU,x86,x64,ARM64" (valor anterior: "Any CPU,x86,x64") en C:\Program Files\dotnet\sdk\9.0.201\Microsoft.NETFramework.CurrentVersion.props (117,5)
       Reasignación de propiedad: $(TargetPlatformIdentifier)="Windows" (valor anterior: "") en C:\Program Files\dotnet\sdk\9.0.201\Microsoft.Common.CurrentVersion.targets (89,5)
       Reasignación de propiedad: $(TargetPlatformVersion)="7.0" (valor anterior: "") en C:\Program Files\dotnet\sdk\9.0.201\Microsoft.Common.CurrentVersion.targets (90,5)
       Reasignación de propiedad: $(_DebugSymbolsProduced)="true" (valor anterior: "false") en C:\Program Files\dotnet\sdk\9.0.201\Microsoft.Common.CurrentVersion.targets (175,5)
       Reasignación de propiedad: $(_DocumentationFileProduced)="false" (valor anterior: "true") en C:\Program Files\dotnet\sdk\9.0.201\Microsoft.Common.CurrentVersion.targets (185,5)
       Reasignación de propiedad: $(MSBuildCopyMarkerName)="NoFences.csproj.Up2Date" (valor anterior: "NoFences.csproj") en C:\Program Files\dotnet\sdk\9.0.201\Microsoft.Common.CurrentVersion.targets (393,5)
       Reasignación de propiedad: $(DelaySign)="" (valor anterior: "false") en C:\Program Files\dotnet\sdk\9.0.201\Microsoft.Common.CurrentVersion.targets (580,5)
       C:\Program Files\dotnet\sdk\9.0.201\Microsoft.Common.CurrentVersion.targets(2590,5): message : Propiedad "LOCALAPPDATA" con el valor "C:\Users\Notbanzz\AppData\Local" expandido desde el entorno.
       Reasignación de propiedad: $(_SGenGenerateSerializationAssembliesConfig)="Auto" (valor anterior: "") en C:\Program Files\dotnet\sdk\9.0.201\Microsoft.Common.CurrentVersion.targets (3917,5)
       Reasignación de propiedad: $(_SGenGenerateSerializationAssembliesConfig)="Off" (valor anterior: "Auto") en C:\Program Files\dotnet\sdk\9.0.201\Microsoft.Common.CurrentVersion.targets (3918,5)
       Reasignación de propiedad: $(_TargetsThatPrepareProjectReferences)="
             AssignProjectConfiguration;
             _SplitProjectReferencesByFileExistence
           " (valor anterior: "_SplitProjectReferencesByFileExistence") en C:\Program Files\dotnet\sdk\9.0.201\Microsoft.Common.CurrentVersion.targets (5129,5)
       C:\Program Files\dotnet\sdk\9.0.201\Microsoft.Common.CurrentVersion.targets(6924,5): message : Propiedad "MSBuildExtensionsPath32" con el valor "C:\Program Files\dotnet\sdk\9.0.201" expandido desde el entorno.
       Reasignación de propiedad: $(ResolveReferencesDependsOn)="
             
             BeforeResolveReferences;
             AssignProjectConfiguration;
             ResolveProjectReferences;
             FindInvalidProjectReferences;
             ResolveNativeReferences;
             ResolveAssemblyReferences;
             GenerateBindingRedirects;
             GenerateBindingRedirectsUpdateAppConfig;
             ResolveComReferences;
             AfterResolveReferences
           ;
             ImplicitlyExpandDesignTimeFacades
           " (valor anterior: "
             BeforeResolveReferences;
             AssignProjectConfiguration;
             ResolveProjectReferences;
             FindInvalidProjectReferences;
             ResolveNativeReferences;
             ResolveAssemblyReferences;
             GenerateBindingRedirects;
             GenerateBindingRedirectsUpdateAppConfig;
             ResolveComReferences;
             AfterResolveReferences
           ") en C:\Program Files\dotnet\sdk\9.0.201\Microsoft.NETFramework.CurrentVersion.targets (74,5)
       Reasignación de propiedad: $(ProjectAssetsCacheFile)="D:\PROGRAMAS_MIOS\NoFences\NoFences\obj\Debug\net48\NoFences.assets.cache" (valor anterior: "obj\Debug\net48\NoFences.assets.cache") en C:\Program Files\dotnet\sdk\9.0.201\Sdks\Microsoft.NET.Sdk\targets\Microsoft.PackageDependencyResolution.targets (29,5)
       Reasignación de propiedad: $(ResolveAssemblyReferencesDependsOn)="
             
             ResolveProjectReferences;
             FindInvalidProjectReferences;
             GetFrameworkPaths;
             GetReferenceAssemblyPaths;
             PrepareForBuild;
             ResolveSDKReferences;
             ExpandSDKReferences;
           ;
             ResolvePackageDependenciesForBuild;
             _HandlePackageFileConflicts;
           " (valor anterior: "
             ResolveProjectReferences;
             FindInvalidProjectReferences;
             GetFrameworkPaths;
             GetReferenceAssemblyPaths;
             PrepareForBuild;
             ResolveSDKReferences;
             ExpandSDKReferences;
           ") en C:\Program Files\dotnet\sdk\9.0.201\Sdks\Microsoft.NET.Sdk\targets\Microsoft.PackageDependencyResolution.targets (80,5)
       Reasignación de propiedad: $(PrepareResourcesDependsOn)="
             ResolvePackageDependenciesForBuild;
             _HandlePackageFileConflicts;
             
             ;
             PrepareResourceNames;
             ResGen;
             CompileLicxFiles
           
           " (valor anterior: "
             ;
             PrepareResourceNames;
             ResGen;
             CompileLicxFiles
           ") en C:\Program Files\dotnet\sdk\9.0.201\Sdks\Microsoft.NET.Sdk\targets\Microsoft.PackageDependencyResolution.targets (86,5)
       Reasignación de propiedad: $(DefaultItemExcludes)=";bin\Debug\/**;obj\Debug\/**;bin\/**" (valor anterior: ";bin\Debug\/**;obj\Debug\/**") en C:\Program Files\dotnet\sdk\9.0.201\Sdks\Microsoft.NET.Sdk\targets\Microsoft.NET.Sdk.DefaultItems.targets (27,5)
       Reasignación de propiedad: $(DefaultItemExcludes)=";bin\Debug\/**;obj\Debug\/**;bin\/**;obj\/**" (valor anterior: ";bin\Debug\/**;obj\Debug\/**;bin\/**") en C:\Program Files\dotnet\sdk\9.0.201\Sdks\Microsoft.NET.Sdk\targets\Microsoft.NET.Sdk.DefaultItems.targets (29,5)
       Reasignación de propiedad: $(DefaultItemExcludes)=";bin\Debug\/**;obj\Debug\/**;bin\/**;obj\/**;**/*.user" (valor anterior: ";bin\Debug\/**;obj\Debug\/**;bin\/**;obj\/**") en C:\Program Files\dotnet\sdk\9.0.201\Sdks\Microsoft.NET.Sdk\targets\Microsoft.NET.Sdk.DefaultItems.targets (32,5)
       Reasignación de propiedad: $(DefaultItemExcludes)=";bin\Debug\/**;obj\Debug\/**;bin\/**;obj\/**;**/*.user;**/*.*proj" (valor anterior: ";bin\Debug\/**;obj\Debug\/**;bin\/**;obj\/**;**/*.user") en C:\Program Files\dotnet\sdk\9.0.201\Sdks\Microsoft.NET.Sdk\targets\Microsoft.NET.Sdk.DefaultItems.targets (33,5)
       Reasignación de propiedad: $(DefaultItemExcludes)=";bin\Debug\/**;obj\Debug\/**;bin\/**;obj\/**;**/*.user;**/*.*proj;**/*.sln" (valor anterior: ";bin\Debug\/**;obj\Debug\/**;bin\/**;obj\/**;**/*.user;**/*.*proj") en C:\Program Files\dotnet\sdk\9.0.201\Sdks\Microsoft.NET.Sdk\targets\Microsoft.NET.Sdk.DefaultItems.targets (34,5)
       Reasignación de propiedad: $(DefaultItemExcludes)=";bin\Debug\/**;obj\Debug\/**;bin\/**;obj\/**;**/*.user;**/*.*proj;**/*.sln;**/*.vssscc" (valor anterior: ";bin\Debug\/**;obj\Debug\/**;bin\/**;obj\/**;**/*.user;**/*.*proj;**/*.sln") en C:\Program Files\dotnet\sdk\9.0.201\Sdks\Microsoft.NET.Sdk\targets\Microsoft.NET.Sdk.DefaultItems.targets (35,5)
       Reasignación de propiedad: $(DefaultItemExcludes)=";bin\Debug\/**;obj\Debug\/**;bin\/**;obj\/**;**/*.user;**/*.*proj;**/*.sln;**/*.vssscc;**/.DS_Store" (valor anterior: ";bin\Debug\/**;obj\Debug\/**;bin\/**;obj\/**;**/*.user;**/*.*proj;**/*.sln;**/*.vssscc") en C:\Program Files\dotnet\sdk\9.0.201\Sdks\Microsoft.NET.Sdk\targets\Microsoft.NET.Sdk.DefaultItems.targets (36,5)
       Reasignación de propiedad: $(ResolveAssemblyReferencesDependsOn)="
             
             
             ResolveProjectReferences;
             FindInvalidProjectReferences;
             GetFrameworkPaths;
             GetReferenceAssemblyPaths;
             PrepareForBuild;
             ResolveSDKReferences;
             ExpandSDKReferences;
           ;
             ResolvePackageDependenciesForBuild;
             _HandlePackageFileConflicts;
           ;
             ResolveTargetingPackAssets;
           " (valor anterior: "
             
             ResolveProjectReferences;
             FindInvalidProjectReferences;
             GetFrameworkPaths;
             GetReferenceAssemblyPaths;
             PrepareForBuild;
             ResolveSDKReferences;
             ExpandSDKReferences;
           ;
             ResolvePackageDependenciesForBuild;
             _HandlePackageFileConflicts;
           ") en C:\Program Files\dotnet\sdk\9.0.201\Sdks\Microsoft.NET.Sdk\targets\Microsoft.NET.Sdk.FrameworkReferenceResolution.targets (14,5)
       Reasignación de propiedad: $(_GenerateRuntimeConfigurationPropertyInputsCache)="D:\PROGRAMAS_MIOS\NoFences\NoFences\obj\Debug\net48\NoFences.genruntimeconfig.cache" (valor anterior: "obj\Debug\net48\NoFences.genruntimeconfig.cache") en C:\Program Files\dotnet\sdk\9.0.201\Sdks\Microsoft.NET.Sdk\targets\Microsoft.NET.Sdk.targets (44,5)
       Reasignación de propiedad: $(_GeneratePublishDependencyFilePropertyInputsCache)="D:\PROGRAMAS_MIOS\NoFences\NoFences\obj\Debug\net48\NoFences.genpublishdeps.cache" (valor anterior: "obj\Debug\net48\NoFences.genpublishdeps.cache") en C:\Program Files\dotnet\sdk\9.0.201\Sdks\Microsoft.NET.Sdk\targets\Microsoft.NET.Sdk.targets (46,5)
       Reasignación de propiedad: $(_GenerateSingleFileBundlePropertyInputsCache)="D:\PROGRAMAS_MIOS\NoFences\NoFences\obj\Debug\net48\NoFences.genbundle.cache" (valor anterior: "obj\Debug\net48\NoFences.genbundle.cache") en C:\Program Files\dotnet\sdk\9.0.201\Sdks\Microsoft.NET.Sdk\targets\Microsoft.NET.Sdk.targets (48,5)
       Reasignación de propiedad: $(_DefaultUserProfileRuntimeStorePath)="C:\Users\Notbanzz" (valor anterior: "") en C:\Program Files\dotnet\sdk\9.0.201\Sdks\Microsoft.NET.Sdk\targets\Microsoft.NET.Sdk.targets (97,5)
       Reasignación de propiedad: $(_DefaultUserProfileRuntimeStorePath)="C:\Users\Notbanzz\.dotnet\store" (valor anterior: "C:\Users\Notbanzz") en C:\Program Files\dotnet\sdk\9.0.201\Sdks\Microsoft.NET.Sdk\targets\Microsoft.NET.Sdk.targets (98,5)
       Reasignación de propiedad: $(CoreBuildDependsOn)="
             _CheckForBuildWithNoBuild;
             
             BuildOnlySettings;
             PrepareForBuild;
             PreBuildEvent;
             ResolveReferences;
             PrepareResources;
             ResolveKeySource;
             Compile;
             ExportWindowsMDFile;
             UnmanagedUnregistration;
             GenerateSerializationAssemblies;
             CreateSatelliteAssemblies;
             GenerateManifests;
             GetTargetPath;
             PrepareForRun;
             UnmanagedRegistration;
             IncrementalClean;
             PostBuildEvent
           ;
             GenerateBuildDependencyFile;
             GenerateBuildRuntimeConfigurationFiles
           " (valor anterior: "
             BuildOnlySettings;
             PrepareForBuild;
             PreBuildEvent;
             ResolveReferences;
             PrepareResources;
             ResolveKeySource;
             Compile;
             ExportWindowsMDFile;
             UnmanagedUnregistration;
             GenerateSerializationAssemblies;
             CreateSatelliteAssemblies;
             GenerateManifests;
             GetTargetPath;
             PrepareForRun;
             UnmanagedRegistration;
             IncrementalClean;
             PostBuildEvent
           ") en C:\Program Files\dotnet\sdk\9.0.201\Sdks\Microsoft.NET.Sdk\targets\Microsoft.NET.Sdk.targets (201,5)
       Reasignación de propiedad: $(CoreCleanDependsOn)="
             _SdkBeforeClean;
             
           " (valor anterior: "") en C:\Program Files\dotnet\sdk\9.0.201\Sdks\Microsoft.NET.Sdk\targets\Microsoft.NET.Sdk.targets (210,5)
       Reasignación de propiedad: $(RebuildDependsOn)="
             _SdkBeforeRebuild;
             
             BeforeRebuild;
             Clean;
             Build;
             AfterRebuild;
           
           " (valor anterior: "
             BeforeRebuild;
             Clean;
             Build;
             AfterRebuild;
           ") en C:\Program Files\dotnet\sdk\9.0.201\Sdks\Microsoft.NET.Sdk\targets\Microsoft.NET.Sdk.targets (217,5)
       Reasignación de propiedad: $(CompileDependsOn)="
             
             ResolveReferences;
             ResolveKeySource;
             SetWin32ManifestProperties;
             _SetPreferNativeArm64Win32ManifestProperties;
             FindReferenceAssembliesForReferences;
             _GenerateCompileInputs;
             BeforeCompile;
             _TimeStampBeforeCompile;
             _GenerateCompileDependencyCache;
             CoreCompile;
             _TimeStampAfterCompile;
             AfterCompile;
           ;
             _CreateAppHost;
             _CreateComHost;
             _GetIjwHostPaths;
           " (valor anterior: "
             ResolveReferences;
             ResolveKeySource;
             SetWin32ManifestProperties;
             _SetPreferNativeArm64Win32ManifestProperties;
             FindReferenceAssembliesForReferences;
             _GenerateCompileInputs;
             BeforeCompile;
             _TimeStampBeforeCompile;
             _GenerateCompileDependencyCache;
             CoreCompile;
             _TimeStampAfterCompile;
             AfterCompile;
           ") en C:\Program Files\dotnet\sdk\9.0.201\Sdks\Microsoft.NET.Sdk\targets\Microsoft.NET.Sdk.targets (784,5)
       Reasignación de propiedad: $(CreateSatelliteAssembliesDependsOn)="
             
             ;
             _GenerateSatelliteAssemblyInputs;
             ComputeIntermediateSatelliteAssemblies;
             GenerateSatelliteAssemblies
           ;
             CoreGenerateSatelliteAssemblies
           " (valor anterior: "
             ;
             _GenerateSatelliteAssemblyInputs;
             ComputeIntermediateSatelliteAssemblies;
             GenerateSatelliteAssemblies
           ") en C:\Program Files\dotnet\sdk\9.0.201\Sdks\Microsoft.NET.Sdk\targets\Microsoft.NET.Sdk.targets (1184,5)
       Reasignación de propiedad: $(SourceLinkUrlInitializerTargets)=";_InitializeGitHubSourceLinkUrl;_InitializeGitLabSourceLinkUrl" (valor anterior: ";_InitializeGitHubSourceLinkUrl") en C:\Program Files\dotnet\sdk\9.0.201\Sdks\Microsoft.SourceLink.GitLab\build\Microsoft.SourceLink.GitLab.targets (12,5)
       Reasignación de propiedad: $(SourceControlManagerUrlTranslationTargets)=";TranslateGitHubUrlsInSourceControlInformation;TranslateGitLabUrlsInSourceControlInformation" (valor anterior: ";TranslateGitHubUrlsInSourceControlInformation") en C:\Program Files\dotnet\sdk\9.0.201\Sdks\Microsoft.SourceLink.GitLab\build\Microsoft.SourceLink.GitLab.targets (13,5)
       Reasignación de propiedad: $(SourceLinkUrlInitializerTargets)=";_InitializeGitHubSourceLinkUrl;_InitializeGitLabSourceLinkUrl;_InitializeAzureReposGitSourceLinkUrl" (valor anterior: ";_InitializeGitHubSourceLinkUrl;_InitializeGitLabSourceLinkUrl") en C:\Program Files\dotnet\sdk\9.0.201\Sdks\Microsoft.SourceLink.AzureRepos.Git\build\Microsoft.SourceLink.AzureRepos.Git.targets (12,5)
       Reasignación de propiedad: $(SourceControlManagerUrlTranslationTargets)=";TranslateGitHubUrlsInSourceControlInformation;TranslateGitLabUrlsInSourceControlInformation;TranslateAzureReposGitUrlsInSourceControlInformation" (valor anterior: ";TranslateGitHubUrlsInSourceControlInformation;TranslateGitLabUrlsInSourceControlInformation") en C:\Program Files\dotnet\sdk\9.0.201\Sdks\Microsoft.SourceLink.AzureRepos.Git\build\Microsoft.SourceLink.AzureRepos.Git.targets (13,5)
       Reasignación de propiedad: $(SourceLinkUrlInitializerTargets)=";_InitializeGitHubSourceLinkUrl;_InitializeGitLabSourceLinkUrl;_InitializeAzureReposGitSourceLinkUrl;_InitializeBitbucketGitSourceLinkUrl" (valor anterior: ";_InitializeGitHubSourceLinkUrl;_InitializeGitLabSourceLinkUrl;_InitializeAzureReposGitSourceLinkUrl") en C:\Program Files\dotnet\sdk\9.0.201\Sdks\Microsoft.SourceLink.Bitbucket.Git\build\Microsoft.SourceLink.Bitbucket.Git.targets (12,5)
       Reasignación de propiedad: $(SourceControlManagerUrlTranslationTargets)=";TranslateGitHubUrlsInSourceControlInformation;TranslateGitLabUrlsInSourceControlInformation;TranslateAzureReposGitUrlsInSourceControlInformation;TranslateBitbucketGitUrlsInSourceControlInformation" (valor anterior: ";TranslateGitHubUrlsInSourceControlInformation;TranslateGitLabUrlsInSourceControlInformation;TranslateAzureReposGitUrlsInSourceControlInformation") en C:\Program Files\dotnet\sdk\9.0.201\Sdks\Microsoft.SourceLink.Bitbucket.Git\build\Microsoft.SourceLink.Bitbucket.Git.targets (13,5)
       Reasignación de propiedad: $(DesignerRuntimeImplementationProjectOutputGroupDependsOn)="
             
             ;
             
             ;
             BuildOnlySettings;
             PrepareForBuild;
             AssignTargetPaths;
             ResolveReferences
           
           ;
             _GenerateDesignerDepsFile;
             _GenerateDesignerRuntimeConfigFile;
             GetCopyToOutputDirectoryItems;
             _GatherDesignerShadowCopyFiles;
           " (valor anterior: "
             ;
             
             ;
             BuildOnlySettings;
             PrepareForBuild;
             AssignTargetPaths;
             ResolveReferences
           
           ") en C:\Program Files\dotnet\sdk\9.0.201\Sdks\Microsoft.NET.Sdk\targets\Microsoft.NET.DesignerSupport.targets (21,5)
       Reasignación de propiedad: $(_GenerateToolsSettingsFileCacheFile)="D:\PROGRAMAS_MIOS\NoFences\NoFences\obj\Debug\net48\NoFences.toolssettingsinput.cache" (valor anterior: "obj\Debug\net48\NoFences.toolssettingsinput.cache") en C:\Program Files\dotnet\sdk\9.0.201\Sdks\Microsoft.NET.Sdk\targets\Microsoft.NET.PackTool.targets (68,5)
       Reasignación de propiedad: $(_ShimInputCacheFile)="D:\PROGRAMAS_MIOS\NoFences\NoFences\obj\Debug\net48\NoFences.shiminput.cache" (valor anterior: "obj\Debug\net48\NoFences.shiminput.cache") en C:\Program Files\dotnet\sdk\9.0.201\Sdks\Microsoft.NET.Sdk\targets\Microsoft.NET.PackTool.targets (137,5)
       Reasignación de propiedad: $(_ShimCreatedSentinelFile)="D:\PROGRAMAS_MIOS\NoFences\NoFences\obj\Debug\net48\NoFences.shimcreated.sentinel" (valor anterior: "obj\Debug\net48\NoFences.shimcreated.sentinel") en C:\Program Files\dotnet\sdk\9.0.201\Sdks\Microsoft.NET.Sdk\targets\Microsoft.NET.PackTool.targets (139,5)
       Reasignación de propiedad: $(DefineConstants)="TRACE;DEBUG" (valor anterior: "TRACE") en C:\Program Files\dotnet\sdk\9.0.201\Sdks\Microsoft.NET.Sdk\targets\Microsoft.NET.Sdk.CSharp.targets (31,5)
       Reasignación de propiedad: $(DefineConstants)="TRACE;DEBUG;NETFRAMEWORK;NET48;" (valor anterior: "TRACE;DEBUG") en C:\Program Files\dotnet\sdk\9.0.201\Sdks\Microsoft.NET.Sdk\targets\Microsoft.NET.Sdk.CSharp.targets (34,5)
       Reasignación de propiedad: $(SupportedOSPlatformVersion)="7.0" (valor anterior: "") en C:\Program Files\dotnet\sdk\9.0.201\Sdks\Microsoft.NET.Sdk\targets\Microsoft.NET.Windows.targets (44,5)
       Reasignación de propiedad: $(TargetPlatformMinVersion)="7.0" (valor anterior: "") en C:\Program Files\dotnet\sdk\9.0.201\Sdks\Microsoft.NET.Sdk\targets\Microsoft.NET.Windows.targets (45,5)
       Reasignación de propiedad: $(_TargetFrameworkVersionValue)="4.8" (valor anterior: "0.0") en C:\Program Files\dotnet\sdk\9.0.201\Sdks\Microsoft.NET.Sdk.WindowsDesktop\targets\Microsoft.NET.Sdk.WindowsDesktop.targets (51,5)
       Reasignación de propiedad: $(PackageDescription)="Package Description" (valor anterior: "") en C:\Program Files\dotnet\sdk\9.0.201\Sdks\NuGet.Build.Tasks.Pack\build\NuGet.Build.Tasks.Pack.targets (34,5)
       Reasignación de propiedad: $(GenerateNuspecDependsOn)="Build;_LoadPackInputItems; _GetTargetFrameworksOutput; _WalkEachTargetPerFramework; _GetPackageFiles; " (valor anterior: "_LoadPackInputItems; _GetTargetFrameworksOutput; _WalkEachTargetPerFramework; _GetPackageFiles; ") en C:\Program Files\dotnet\sdk\9.0.201\Sdks\NuGet.Build.Tasks.Pack\build\NuGet.Build.Tasks.Pack.targets (59,5)
       Reasignación de propiedad: $(_IsNotSetContainersTargetsDir)="true" (valor anterior: "false") en C:\Program Files\dotnet\sdk\9.0.201\Sdks\Microsoft.NET.Sdk\Sdk\Sdk.targets (60,5)
       Reasignación de propiedad: $(_IsSDKContainerAllowedVersion)="true" (valor anterior: "false") en C:\Program Files\dotnet\sdk\9.0.201\Containers\build\Microsoft.NET.Build.Containers.targets (5,5)
       Invalidando el destino "GetFrameworkPaths" del proyecto"C:\Program Files\dotnet\sdk\9.0.201\Microsoft.Common.CurrentVersion.targets" con el destino "GetFrameworkPaths" del proyecto "C:\Program Files\dotnet\sdk\9.0.201\Microsoft.NETFramework.CurrentVersion.targets".
       Invalidando el destino "ResolveFrameworkReferences" del proyecto"C:\Program Files\dotnet\sdk\9.0.201\Microsoft.Common.CurrentVersion.targets" con el destino "ResolveFrameworkReferences" del proyecto "C:\Program Files\dotnet\sdk\9.0.201\Sdks\Microsoft.NET.Sdk\targets\Microsoft.NET.Sdk.FrameworkReferenceResolution.targets".
       Invalidando el destino "Run" del proyecto"C:\Program Files\dotnet\sdk\9.0.201\Microsoft.Common.CurrentVersion.targets" con el destino "Run" del proyecto "C:\Program Files\dotnet\sdk\9.0.201\Sdks\Microsoft.NET.Sdk\targets\Microsoft.NET.Sdk.targets".
       Invalidando el destino "GenerateSupportedTargetFrameworkAlias" del proyecto"C:\Program Files\dotnet\sdk\9.0.201\Microsoft.Common.CurrentVersion.targets" con el destino "GenerateSupportedTargetFrameworkAlias" del proyecto "C:\Program Files\dotnet\sdk\9.0.201\Sdks\Microsoft.NET.Sdk\targets\Microsoft.NET.Sdk.targets".
       Invalidando el destino "DesignerRuntimeImplementationProjectOutputGroup" del proyecto"C:\Program Files\dotnet\sdk\9.0.201\Microsoft.Common.CurrentVersion.targets" con el destino "DesignerRuntimeImplementationProjectOutputGroup" del proyecto "C:\Program Files\dotnet\sdk\9.0.201\Sdks\Microsoft.NET.Sdk\targets\Microsoft.NET.DesignerSupport.targets".
       Invalidando el destino "Publish" del proyecto"C:\Program Files\dotnet\sdk\9.0.201\Microsoft.Common.CurrentVersion.targets" con el destino "Publish" del proyecto "C:\Program Files\dotnet\sdk\9.0.201\Sdks\Microsoft.NET.Sdk\targets\Microsoft.NET.Publish.targets".
       Invalidando el destino "ResolveReadyToRunCompilers" del proyecto"C:\Program Files\dotnet\sdk\9.0.201\Sdks\Microsoft.NET.Sdk\targets\Microsoft.NET.CrossGen.targets" con el destino "ResolveReadyToRunCompilers" del proyecto "C:\Program Files\dotnet\sdk\9.0.201\Sdks\Microsoft.NET.Sdk\targets\Microsoft.NET.Publish.targets".
       Invalidando el destino "GetCopyToPublishDirectoryItems" del proyecto"C:\Program Files\dotnet\sdk\9.0.201\Microsoft.Common.CurrentVersion.targets" con el destino "GetCopyToPublishDirectoryItems" del proyecto "C:\Program Files\dotnet\sdk\9.0.201\Sdks\Microsoft.NET.Sdk\targets\Microsoft.NET.Publish.targets".
   1:7>Proyecto "D:\PROGRAMAS_MIOS\NoFences\NoFences\NoFences.csproj" en nodo 1 (destinos predeterminados).
   1:7>Se omitió el destino "_CheckForUnsupportedTargetFramework" debido a una condición falsa (False); ('$(_UnsupportedTargetFrameworkError)' == 'true') se evaluó como ('' == 'true').
   1:7>Destino "_CollectTargetFrameworkForTelemetry" en el archivo "C:\Program Files\dotnet\sdk\9.0.201\Sdks\Microsoft.NET.Sdk\targets\Microsoft.NET.TargetFrameworkInference.targets" del proyecto "D:\PROGRAMAS_MIOS\NoFences\NoFences\NoFences.csproj" (el destino "_CheckForInvalidConfigurationAndPlatform" depende de él):
       Usando la tarea "AllowEmptyTelemetry" del ensamblado "C:\Program Files\dotnet\sdk\9.0.201\Sdks\Microsoft.NET.Sdk\targets\..\tools\net9.0\Microsoft.NET.Build.Tasks.dll".
       Tarea "AllowEmptyTelemetry"
       Ejecución de la tarea "AllowEmptyTelemetry" terminada.
   1:7>Compilación terminada del destino "_CollectTargetFrameworkForTelemetry" en el proyecto "NoFences.csproj".
       Se omitió el destino "_CheckForUnsupportedTargetPlatformIdentifier" debido a una condición falsa (False); ('$(TargetPlatformIdentifier)' != '' and '$(TargetFrameworkIdentifier)' == '.NETCoreApp' and $([MSBuild]::VersionGreaterThanOrEquals($(TargetFrameworkVersion), 5.0)) And ('$(DesignTimeBuild)' != 'true' Or '@(MissingWorkloadPack)' == '')) se evaluó como ('Windows' != '' and '.NETFramework' == '.NETCoreApp' and False And ('' != 'true' Or '' == '')).
       Se omitió el destino "_CheckForMissingWorkload" debido a una condición falsa (False); ('@(MissingWorkloadPack)' != '' And '$(DesignTimeBuild)' != 'true') se evaluó como ('' != '' And '' != 'true').
       Se omitió el destino "_CheckForUnsupportedNETCoreVersion" debido a una condición falsa (False); ('$(TargetFrameworkIdentifier)' == '.NETCoreApp' And '$(NETCoreAppMaximumVersion)' != '') se evaluó como ('.NETFramework' == '.NETCoreApp' And '9.0' != '').
       Se omitió el destino "_CheckForEolTargetFrameworks" debido a una condición falsa (False); ('@(_EolNetCoreTargetFrameworkVersions->AnyHaveMetadataValue('Identity', '$(_TargetFrameworkVersionWithoutV)'))' and '$(TargetFrameworkIdentifier)' == '.NETCoreApp' and '$(CheckEolTargetFramework)' == 'true') se evaluó como ('false' and '.NETFramework' == '.NETCoreApp' and 'true' == 'true').
       Se omitió el destino "_CheckForEolWorkloads" debido a una condición falsa (False); ('@(EolWorkload)' != '' and '$(CheckEolWorkloads)' == 'true') se evaluó como ('' != '' and 'true' == 'true').
       Se omitió el destino "_CheckForNotRecommendedNETStandardVersion" debido a una condición falsa (False); ('$(TargetFrameworkIdentifier)' == '.NETStandard' and $([MSBuild]::VersionLessThan($(TargetFrameworkVersion), '2.0'))) se evaluó como ('.NETFramework' == '.NETStandard' and False).
   1:7>Destino "_CheckForUnsupportedCppNETCoreVersion" en el archivo "C:\Program Files\dotnet\sdk\9.0.201\Sdks\Microsoft.NET.Sdk\targets\Microsoft.NET.TargetFrameworkInference.targets" del proyecto "D:\PROGRAMAS_MIOS\NoFences\NoFences\NoFences.csproj" (el destino "_CheckForInvalidConfigurationAndPlatform" depende de él):
       Se omitió la tarea "NETSdkError" debido a una condición falsa (False); ('$(TargetFrameworkIdentifier)' == '.NETCoreApp' and '$(_TargetFrameworkVersionWithoutV)' < '3.1' and ('$(Language)' == 'C++' and '$(_EnablePackageReferencesInVCProjects)' != 'true')) se evaluó como ('.NETFramework' == '.NETCoreApp' and '4.8' < '3.1' and ('C#' == 'C++' and '' != 'true')).
   1:7>Compilación terminada del destino "_CheckForUnsupportedCppNETCoreVersion" en el proyecto "NoFences.csproj".
       Se omitió el destino "_CheckForUnsupportedNETStandardVersion" debido a una condición falsa (False); ('$(TargetFrameworkIdentifier)' == '.NETStandard' And '$(NETStandardMaximumVersion)' != '') se evaluó como ('.NETFramework' == '.NETStandard' And '' != '').
   1:7>Destino "_CheckForUnsupportedTargetFrameworkAndFeatureCombination" en el archivo "C:\Program Files\dotnet\sdk\9.0.201\Sdks\Microsoft.NET.Sdk\targets\Microsoft.NET.TargetFrameworkInference.targets" del proyecto "D:\PROGRAMAS_MIOS\NoFences\NoFences\NoFences.csproj" (el destino "_CheckForInvalidConfigurationAndPlatform" depende de él):
       Se omitió la tarea "NETSdkError" debido a una condición falsa (False); ('$(UsingNETSdkDefaults)' != 'true') se evaluó como ('true' != 'true').
   1:7>Compilación terminada del destino "_CheckForUnsupportedTargetFrameworkAndFeatureCombination" en el proyecto "NoFences.csproj".
       Se omitió el destino "_CheckForSupportedOSPlatformVersionHigherThanTargetPlatformVersion" debido a una condición falsa (False); ('$(TargetPlatformVersion)' != '' and '$(TargetFrameworkIdentifier)' == '.NETCoreApp' and $([MSBuild]::VersionGreaterThanOrEquals($(TargetFrameworkVersion), 5.0))) se evaluó como ('7.0' != '' and '.NETFramework' == '.NETCoreApp' and False).
       Se omitió el destino "_CheckForInvalidTargetPlatformVersion" debido a una condición falsa (False); ('$(TargetPlatformVersion)' != '' and '$(TargetFrameworkIdentifier)' == '.NETCoreApp' and $([MSBuild]::VersionGreaterThanOrEquals($(TargetFrameworkVersion), 5.0)) and ('$(Language)' != 'C++' or '$(_EnablePackageReferencesInVCProjects)' == 'true')) se evaluó como ('7.0' != '' and '.NETFramework' == '.NETCoreApp' and False and ('C#' != 'C++' or '' == 'true')).
   1:7>Destino "_CheckForUnsupportedArtifactsPath" en el archivo "C:\Program Files\dotnet\sdk\9.0.201\Sdks\Microsoft.NET.Sdk\targets\Microsoft.NET.DefaultOutputPaths.targets" del proyecto "D:\PROGRAMAS_MIOS\NoFences\NoFences\NoFences.csproj" (el destino "_CheckForInvalidConfigurationAndPlatform" depende de él):
       Se omitió la tarea "NetSdkError" debido a una condición falsa (False); ('$(UseArtifactsOutput)' == 'true' and '$(_ArtifactsPathSetEarly)' != 'true') se evaluó como ('' == 'true' and '' != 'true').
       Se omitió la tarea "NetSdkError" debido a una condición falsa (False); ('$(_ArtifactsPathLocationType)' == 'ProjectFolder') se evaluó como ('' == 'ProjectFolder').
   1:7>Compilación terminada del destino "_CheckForUnsupportedArtifactsPath" en el proyecto "NoFences.csproj".
       Se omitió el destino "_CheckForMissingWorkload" debido a una condición falsa (False); ('@(MissingWorkloadPack)' != '' And '$(DesignTimeBuild)' != 'true') se evaluó como ('' != '' And '' != 'true').
       Se omitió el destino "_CheckForUnsupportedAppHostUsage" debido a una condición falsa (False); ('$(TargetFrameworkIdentifier)' == '.NETCoreApp' and '$(HasRuntimeOutput)' == 'true') se evaluó como ('.NETFramework' == '.NETCoreApp' and 'true' == 'true').
       Se omitió el destino "_CheckForUnsupportedHostingUsage" debido a una condición falsa (False); ('$(TargetFrameworkIdentifier)' == '.NETCoreApp') se evaluó como ('.NETFramework' == '.NETCoreApp').
       Se omitió el destino "_CheckAndUnsetUnsupportedPrefer32Bit" debido a una condición falsa (False); ('$(TargetFrameworkIdentifier)' == '.NETCoreApp' and '$(_TargetFrameworkVersionWithoutV)' >= '7.0') se evaluó como ('.NETFramework' == '.NETCoreApp' and '4.8' >= '7.0').
       Se omitió el destino "_CheckAndUnsetUnsupportedPreferNativeArm64" debido a una condición falsa (False); ('$(TargetFrameworkIdentifier)' == '.NETCoreApp' and '$(PreferNativeArm64)' == 'true') se evaluó como ('.NETFramework' == '.NETCoreApp' and 'false' == 'true').
   1:7>Destino "_CheckForMismatchingPlatform" en el archivo "C:\Program Files\dotnet\sdk\9.0.201\Sdks\Microsoft.NET.Sdk\targets\Microsoft.NET.RuntimeIdentifierInference.targets" del proyecto "D:\PROGRAMAS_MIOS\NoFences\NoFences\NoFences.csproj" (el destino "_CheckForInvalidConfigurationAndPlatform" depende de él):
       Se omitió la tarea "NETSdkError" debido a una condición falsa (False); ('$(PlatformTarget)' != 'AnyCPU' and !$(RuntimeIdentifier.ToUpperInvariant().Contains($(PlatformTarget.ToUpperInvariant())))) se evaluó como ('x86' != 'AnyCPU' and !True).
   1:7>Compilación terminada del destino "_CheckForMismatchingPlatform" en el proyecto "NoFences.csproj".
   1:7>Destino "_CheckForLanguageAndFeatureCombinationSupport" en el archivo "C:\Program Files\dotnet\sdk\9.0.201\Sdks\Microsoft.NET.Sdk\targets\Microsoft.NET.RuntimeIdentifierInference.targets" del proyecto "D:\PROGRAMAS_MIOS\NoFences\NoFences\NoFences.csproj" (el destino "_CheckForInvalidConfigurationAndPlatform" depende de él):
       Se omitió la tarea "NETSdkError" debido a una condición falsa (False); (('$(Language)' == 'C++' and '$(_EnablePackageReferencesInVCProjects)' != 'true') and $(OutputType) != 'library' and '$(TargetFrameworkIdentifier)' == '.NETCoreApp') se evaluó como (('C#' == 'C++' and '' != 'true') and WinExe != 'library' and '.NETFramework' == '.NETCoreApp').
       Se omitió la tarea "NETSdkError" debido a una condición falsa (False); (('$(Language)' == 'C++' and '$(_EnablePackageReferencesInVCProjects)' != 'true') and $(EnableComHosting) == 'true') se evaluó como (('C#' == 'C++' and '' != 'true') and  == 'true').
       Se omitió la tarea "NETSdkError" debido a una condición falsa (False); (('$(Language)' == 'C++' and '$(_EnablePackageReferencesInVCProjects)' != 'true') and $(SelfContained) == 'true') se evaluó como (('C#' == 'C++' and '' != 'true') and  == 'true').
   1:7>Compilación terminada del destino "_CheckForLanguageAndFeatureCombinationSupport" en el proyecto "NoFences.csproj".
       Se omitió el destino "_CheckForNETCoreSdkIsPreview" debido a una condición falsa (False); ( '$(_NETCoreSdkIsPreview)' == 'true' AND '$(SuppressNETCoreSdkPreviewMessage)' != 'true' ) se evaluó como ( 'false' == 'true' AND '' != 'true' ).
   1:7>Destino "_GetProjectJsonPath" en el archivo "C:\Program Files\dotnet\sdk\9.0.201\NuGet.targets" del proyecto "D:\PROGRAMAS_MIOS\NoFences\NoFences\NoFences.csproj" (el destino "_GetRestoreProjectStyle" depende de él):
       Se omitió la tarea "GetRestoreProjectJsonPathTask" debido a una condición falsa (False); ( '$(RestoreProjectStyle)' == 'ProjectJson' OR '$(RestoreProjectStyle)' == '' ) se evaluó como ( 'PackageReference' == 'ProjectJson' OR 'PackageReference' == '' ).
   1:7>Compilación terminada del destino "_GetProjectJsonPath" en el proyecto "NoFences.csproj".
       Se omitió el destino "_CheckForUnsupportedTargetPlatformIdentifier" debido a una condición falsa (False); ('$(TargetPlatformIdentifier)' != '' and '$(TargetFrameworkIdentifier)' == '.NETCoreApp' and $([MSBuild]::VersionGreaterThanOrEquals($(TargetFrameworkVersion), 5.0)) And ('$(DesignTimeBuild)' != 'true' Or '@(MissingWorkloadPack)' == '')) se evaluó como ('Windows' != '' and '.NETFramework' == '.NETCoreApp' and False And ('' != 'true' Or '' == '')).
       Se omitió el destino "_CheckForMissingWorkload" debido a una condición falsa (False); ('@(MissingWorkloadPack)' != '' And '$(DesignTimeBuild)' != 'true') se evaluó como ('' != '' And '' != 'true').
       Se omitió el destino "_CheckForUnsupportedNETCoreVersion" debido a una condición falsa (False); ('$(TargetFrameworkIdentifier)' == '.NETCoreApp' And '$(NETCoreAppMaximumVersion)' != '') se evaluó como ('.NETFramework' == '.NETCoreApp' And '9.0' != '').
       Se omitió el destino "_CheckForEolTargetFrameworks" debido a una condición falsa (False); ('@(_EolNetCoreTargetFrameworkVersions->AnyHaveMetadataValue('Identity', '$(_TargetFrameworkVersionWithoutV)'))' and '$(TargetFrameworkIdentifier)' == '.NETCoreApp' and '$(CheckEolTargetFramework)' == 'true') se evaluó como ('false' and '.NETFramework' == '.NETCoreApp' and 'true' == 'true').
       Se omitió el destino "_CheckForEolWorkloads" debido a una condición falsa (False); ('@(EolWorkload)' != '' and '$(CheckEolWorkloads)' == 'true') se evaluó como ('' != '' and 'true' == 'true').
       Se omitió el destino "_CheckForNotRecommendedNETStandardVersion" debido a una condición falsa (False); ('$(TargetFrameworkIdentifier)' == '.NETStandard' and $([MSBuild]::VersionLessThan($(TargetFrameworkVersion), '2.0'))) se evaluó como ('.NETFramework' == '.NETStandard' and False).
       Se omitió el destino "_CheckForUnsupportedNETStandardVersion" debido a una condición falsa (False); ('$(TargetFrameworkIdentifier)' == '.NETStandard' And '$(NETStandardMaximumVersion)' != '') se evaluó como ('.NETFramework' == '.NETStandard' And '' != '').
       Se omitió el destino "UpdateAspNetToFrameworkReference" debido a una condición falsa (False); ('$(TargetFrameworkIdentifier)' == '.NETCoreApp' And '$(_TargetFrameworkVersionWithoutV)' >= '3.0') se evaluó como ('.NETFramework' == '.NETCoreApp' And '4.8' >= '3.0').
   1:7>Destino "IncludeTargetingPackReference" en el archivo "C:\Program Files\dotnet\sdk\9.0.201\Sdks\Microsoft.NET.Sdk\targets\Microsoft.NET.Sdk.FrameworkReferenceResolution.targets" del proyecto "D:\PROGRAMAS_MIOS\NoFences\NoFences\NoFences.csproj" (el destino "CheckForImplicitPackageReferenceOverrides" depende de él):
       Tarea "GetReferenceAssemblyPaths"
       Ejecución de la tarea "GetReferenceAssemblyPaths" terminada.
   1:7>Compilación terminada del destino "IncludeTargetingPackReference" en el proyecto "NoFences.csproj".
   1:7>Destino "CheckForImplicitPackageReferenceOverrides" en el archivo "C:\Program Files\dotnet\sdk\9.0.201\Sdks\Microsoft.NET.Sdk\targets\Microsoft.NET.Sdk.DefaultItems.Shared.targets" del proyecto "D:\PROGRAMAS_MIOS\NoFences\NoFences\NoFences.csproj" (el destino "ApplyImplicitVersions" depende de él):
       Usando la tarea "CheckForImplicitPackageReferenceOverrides" del ensamblado "C:\Program Files\dotnet\sdk\9.0.201\Sdks\Microsoft.NET.Sdk\targets\..\tools\net9.0\Microsoft.NET.Build.Tasks.dll".
       Tarea "CheckForImplicitPackageReferenceOverrides"
       Ejecución de la tarea "CheckForImplicitPackageReferenceOverrides" terminada.
   1:7>Compilación terminada del destino "CheckForImplicitPackageReferenceOverrides" en el proyecto "NoFences.csproj".
   1:7>Destino "ApplyImplicitVersions" en el archivo "C:\Program Files\dotnet\sdk\9.0.201\Sdks\Microsoft.NET.Sdk\targets\Microsoft.NET.Sdk.DefaultItems.Shared.targets" del proyecto "D:\PROGRAMAS_MIOS\NoFences\NoFences\NoFences.csproj" (el destino "CollectPackageReferences" depende de él):
       Usando la tarea "ApplyImplicitVersions" del ensamblado "C:\Program Files\dotnet\sdk\9.0.201\Sdks\Microsoft.NET.Sdk\targets\..\tools\net9.0\Microsoft.NET.Build.Tasks.dll".
       Tarea "ApplyImplicitVersions"
       Ejecución de la tarea "ApplyImplicitVersions" terminada.
   1:7>Compilación terminada del destino "ApplyImplicitVersions" en el proyecto "NoFences.csproj".
       Se omitió el destino "CheckForImplicitPackageReferenceOverrides". Compilado previamente de forma correcta.
       Se omitió el destino "ProcessFrameworkReferences" debido a una condición falsa (False); ('@(FrameworkReference)' != '' Or '$(_RequiresILLinkPack)' == 'true') se evaluó como ('' != '' Or '' == 'true').
       Se omitió el destino "_NormalizeTargetPlatformVersion" debido a una condición falsa (False); ('$(TargetPlatformVersion)' != '' and '$(TargetFrameworkIdentifier)' == '.NETCoreApp' and $([MSBuild]::VersionGreaterThanOrEquals($(TargetFrameworkVersion), 5.0)) and ('$(Language)' != 'C++' or '$(_EnablePackageReferencesInVCProjects)' == 'true')) se evaluó como ('7.0' != '' and '.NETFramework' == '.NETCoreApp' and False and ('C#' != 'C++' or '' == 'true')).
   1:7>Destino "_ComputeToolPackInputsToProcessFrameworkReferences" en el archivo "C:\Program Files\dotnet\sdk\9.0.201\Sdks\Microsoft.NET.Sdk\targets\Microsoft.NET.Publish.targets" del proyecto "D:\PROGRAMAS_MIOS\NoFences\NoFences\NoFences.csproj" (el destino "ProcessFrameworkReferences" depende de él):
   1:7>Compilación terminada del destino "_ComputeToolPackInputsToProcessFrameworkReferences" en el proyecto "NoFences.csproj".
       Se omitió el destino "IncludeTargetingPackReference". Compilado previamente de forma correcta.
       Se omitió el destino "_CheckMicrosoftNetCompilersToolsetFrameworkPackageReference" debido a una condición falsa (False); ('$(MSBuildRuntimeType)' == 'Full') se evaluó como ('Core' == 'Full').
   1:7>Destino "_CheckForObsoleteDotNetCliToolReferences" en el archivo "C:\Program Files\dotnet\sdk\9.0.201\Sdks\Microsoft.NET.Sdk\targets\Microsoft.NET.ObsoleteReferences.targets" del proyecto "D:\PROGRAMAS_MIOS\NoFences\NoFences\NoFences.csproj" (el destino "CollectPackageReferences" depende de él):
       Se omitió la tarea "NETSdkWarning" debido a una condición falsa (False); ( '%(_ReferenceToObsoleteDotNetCliTool.Identity)' != '' ) se evaluó como ( '' != '' ).
   1:7>Compilación terminada del destino "_CheckForObsoleteDotNetCliToolReferences" en el proyecto "NoFences.csproj".
   1:7>Destino "CollectPackageReferences" en el archivo "C:\Program Files\dotnet\sdk\9.0.201\NuGet.targets" del proyecto "D:\PROGRAMAS_MIOS\NoFences\NoFences\NoFences.csproj" (el destino "_GetRestoreProjectStyle" depende de él):
       Usando la tarea "CheckForDuplicateNuGetItemsTask" del ensamblado "C:\Program Files\dotnet\sdk\9.0.201\NuGet.Build.Tasks.dll".
       Tarea "CheckForDuplicateNuGetItemsTask"
       Ejecución de la tarea "CheckForDuplicateNuGetItemsTask" terminada.
   1:7>Compilación terminada del destino "CollectPackageReferences" en el proyecto "NoFences.csproj".
   1:7>Destino "_GetRestoreProjectStyle" en el archivo "C:\Program Files\dotnet\sdk\9.0.201\NuGet.targets" del proyecto "D:\PROGRAMAS_MIOS\NoFences\NoFences\NoFences.csproj" (el destino "EnableIntermediateOutputPathMismatchWarning" depende de él):
       Usando la tarea "GetRestoreProjectStyleTask" del ensamblado "C:\Program Files\dotnet\sdk\9.0.201\NuGet.Build.Tasks.dll".
       Tarea "GetRestoreProjectStyleTask"
       Ejecución de la tarea "GetRestoreProjectStyleTask" terminada.
   1:7>Compilación terminada del destino "_GetRestoreProjectStyle" en el proyecto "NoFences.csproj".
   1:7>Destino "EnableIntermediateOutputPathMismatchWarning" en el archivo "C:\Program Files\dotnet\sdk\9.0.201\NuGet.targets" del proyecto "D:\PROGRAMAS_MIOS\NoFences\NoFences\NoFences.csproj" (el destino "_CheckForInvalidConfigurationAndPlatform" depende de él):
   1:7>Compilación terminada del destino "EnableIntermediateOutputPathMismatchWarning" en el proyecto "NoFences.csproj".
       Se omitió el destino "ApplyImplicitVersions". Compilado previamente de forma correcta.
       Se omitió el destino "CheckForImplicitPackageReferenceOverrides". Compilado previamente de forma correcta.
   1:7>Destino "CheckForDuplicateItems" en el archivo "C:\Program Files\dotnet\sdk\9.0.201\Sdks\Microsoft.NET.Sdk\targets\Microsoft.NET.Sdk.DefaultItems.Shared.targets" del proyecto "D:\PROGRAMAS_MIOS\NoFences\NoFences\NoFences.csproj" (el destino "_CheckForInvalidConfigurationAndPlatform" depende de él):
       Usando la tarea "CheckForDuplicateItems" del ensamblado "C:\Program Files\dotnet\sdk\9.0.201\Sdks\Microsoft.NET.Sdk\targets\..\tools\net9.0\Microsoft.NET.Build.Tasks.dll".
       Tarea "CheckForDuplicateItems"
       Ejecución de la tarea "CheckForDuplicateItems" terminada.
       Tarea "CheckForDuplicateItems"
       Ejecución de la tarea "CheckForDuplicateItems" terminada.
       Tarea "CheckForDuplicateItems"
       Ejecución de la tarea "CheckForDuplicateItems" terminada.
   1:7>Compilación terminada del destino "CheckForDuplicateItems" en el proyecto "NoFences.csproj".
       Se omitió el destino "WarnForExplicitVersions" debido a una condición falsa (False); ('@(SdkBuildWarning)' != '') se evaluó como ('' != '').
       Se omitió el destino "_CheckForFailedSDKResolution" debido a una condición falsa (False); ('$(SdkResolverHonoredGlobalJson)' == 'false') se evaluó como ('' == 'false').
       Se omitió el destino "_WarnWhenUsingNET9AndVSPriorTo1712" debido a una condición falsa (False); ($([MSBuild]::VersionLessThan($(MSBuildVersion), '17.12.0')) and '$(TargetFrameworkIdentifier)' == '.NETCoreApp' and $([MSBuild]::VersionGreaterThanOrEquals($(_TargetFrameworkVersionWithoutV), '9.0'))) se evaluó como (False and '.NETFramework' == '.NETCoreApp' and False).
       Se omitió el destino "_CheckForInvalidWindowsDesktopTargetingConfiguration" debido a una condición falsa (False); ('$(TargetFrameworkIdentifier)' == '.NETCoreApp' and $([MSBuild]::VersionGreaterThanOrEquals($(_TargetFrameworkVersionWithoutV), '5.0')) and ('$(UseWindowsForms)' == 'true' or '$(UseWPF)' == 'true')) se evaluó como ('.NETFramework' == '.NETCoreApp' and False and ('true' == 'true' or '' == 'true')).
       Se omitió el destino "_CheckForUnnecessaryWindowsDesktopSDK" debido a una condición falsa (False); ('$(TargetFrameworkIdentifier)' == '.NETCoreApp' and $([MSBuild]::VersionGreaterThanOrEquals($(_TargetFrameworkVersionWithoutV), '5.0')) and '$(_MicrosoftWindowsDesktopSdkImported)' == 'true' and '$(TargetFrameworks)' == '') se evaluó como ('.NETFramework' == '.NETCoreApp' and False and '' == 'true' and '' == '').
       Se omitió el destino "ProcessFrameworkReferences" debido a una condición falsa (False); ('@(FrameworkReference)' != '' Or '$(_RequiresILLinkPack)' == 'true') se evaluó como ('' != '' Or 'false' == 'true').
       Se omitió el destino "_NormalizeTargetPlatformVersion" debido a una condición falsa (False); ('$(TargetPlatformVersion)' != '' and '$(TargetFrameworkIdentifier)' == '.NETCoreApp' and $([MSBuild]::VersionGreaterThanOrEquals($(TargetFrameworkVersion), 5.0)) and ('$(Language)' != 'C++' or '$(_EnablePackageReferencesInVCProjects)' == 'true')) se evaluó como ('7.0' != '' and '.NETFramework' == '.NETCoreApp' and False and ('C#' != 'C++' or '' == 'true')).
       Se omitió el destino "IncludeTargetingPackReference". Compilado previamente de forma correcta.
       Se omitió el destino "CheckForDuplicatePageItems" debido a una condición falsa (False); (('$(UseWPF)' == 'true') And ('$(_TargetFrameworkVersionValue)' != '$(_UndefinedTargetFrameworkVersion)') And ('$(_TargetFrameworkVersionValue)' >= '$(_WindowsDesktopSdkTargetFrameworkVersionFloor)')) se evaluó como (('' == 'true') And ('4.8' != '0.0') And ('4.8' >= '3.0')).
   1:7>Destino "_WindowsDesktopFrameworkRequiresUseWpfOrUseWindowsForms" en el archivo "C:\Program Files\dotnet\sdk\9.0.201\Sdks\Microsoft.NET.Sdk.WindowsDesktop\targets\Microsoft.NET.Sdk.WindowsDesktop.targets" del proyecto "D:\PROGRAMAS_MIOS\NoFences\NoFences\NoFences.csproj" (el destino "_CheckForInvalidConfigurationAndPlatform" depende de él):
       Se omitió la tarea "NetSdkWarning" debido a una condición falsa (False); ('$(UseWpf)' != 'true' And '$(UseWindowsForms)' != 'true') se evaluó como ('' != 'true' And 'true' != 'true').
   1:7>Compilación terminada del destino "_WindowsDesktopFrameworkRequiresUseWpfOrUseWindowsForms" en el proyecto "NoFences.csproj".
       Se omitió el destino "_WindowsDesktopFrameworkRequiresVersion30" debido a una condición falsa (False); (('$(TargetFrameworkIdentifier)' == '.NETCoreApp') And
                         ('$(_TargetFrameworkVersionValue)' != '$(_UndefinedTargetFrameworkVersion)') And ('$(_TargetFrameworkVersionValue)' < '$(_WindowsDesktopSdkTargetFrameworkVersionFloor)')) se evaluó como (('.NETFramework' == '.NETCoreApp') And
                         ('4.8' != '0.0') And ('4.8' < '3.0')).
   1:7>Destino "_CheckForInvalidConfigurationAndPlatform" en el archivo "C:\Program Files\dotnet\sdk\9.0.201\Microsoft.Common.CurrentVersion.targets" del proyecto "D:\PROGRAMAS_MIOS\NoFences\NoFences\NoFences.csproj" (el destino "BeforeBuild" depende de él):
       Se omitió la tarea "MSBuildInternalMessage" debido a una condición falsa (False); ('$(_InvalidConfigurationMessageSeverity)' != '') se evaluó como ('' != '').
       Tarea "Message"
         Configuration=Debug
       Ejecución de la tarea "Message" terminada.
       Tarea "Message"
         Platform=AnyCPU
       Ejecución de la tarea "Message" terminada.
       Se omitió la tarea "MSBuildInternalMessage" debido a una condición falsa (False); ('$(OutDir)' != '' and !HasTrailingSlash('$(OutDir)')) se evaluó como ('bin\Debug\net48\' != '' and !HasTrailingSlash('bin\Debug\net48\')).
       Se omitió la tarea "MSBuildInternalMessage" debido a una condición falsa (False); ('$(IntermediateOutputPath)' != '' and !HasTrailingSlash('$(IntermediateOutputPath)')) se evaluó como ('obj\Debug\net48\' != '' and !HasTrailingSlash('obj\Debug\net48\')).
       Se omitió la tarea "MSBuildInternalMessage" debido a una condición falsa (False); ('$(BaseIntermediateOutputPath)' != '' and !HasTrailingSlash('$(BaseIntermediateOutputPath)')) se evaluó como ('obj\' != '' and !HasTrailingSlash('obj\')).
       Se omitió la tarea "MSBuildInternalMessage" debido a una condición falsa (False); ( '$(Prefer32Bit)' == 'true' and '$(PreferNativeArm64)' == 'true' ) se evaluó como ( 'false' == 'true' and 'false' == 'true' ).
       Se omitió la tarea "MSBuildInternalMessage" debido a una condición falsa (False); ( '$(NoWin32Manifest)' == 'true' and '$(PreferNativeArm64)' == 'true' ) se evaluó como ( '' == 'true' and 'false' == 'true' ).
       Se omitió la tarea "MSBuildInternalMessage" debido a una condición falsa (False); ( '$(PreferNativeArm64)' == 'true' and '$(Platform)' != 'AnyCPU' ) se evaluó como ( 'false' == 'true' and 'AnyCPU' != 'AnyCPU' ).
       Se omitió la tarea "MSBuildInternalMessage" debido a una condición falsa (False); ( '$(_InitialMSBuildProjectExtensionsPath)' != '' And '$(MSBuildProjectExtensionsPath)' != '$(_InitialMSBuildProjectExtensionsPath)' ) se evaluó como ( 'D:\PROGRAMAS_MIOS\NoFences\NoFences\obj\' != '' And 'D:\PROGRAMAS_MIOS\NoFences\NoFences\obj\' != 'D:\PROGRAMAS_MIOS\NoFences\NoFences\obj\' ).
       Se omitió la tarea "MSBuildInternalMessage" debido a una condición falsa (False); ( '$(EnableBaseIntermediateOutputPathMismatchWarning)' == 'true' And '$(_InitialBaseIntermediateOutputPath)' != '$(BaseIntermediateOutputPath)' And '$(BaseIntermediateOutputPath)' != '$(MSBuildProjectExtensionsPath)' ) se evaluó como ( 'true' == 'true' And 'obj\' != 'obj\' And 'obj\' != 'D:\PROGRAMAS_MIOS\NoFences\NoFences\obj\' ).
   1:7>Compilación terminada del destino "_CheckForInvalidConfigurationAndPlatform" en el proyecto "NoFences.csproj".
   1:7>Destino "ValidateCommandLineProperties" en el archivo "C:\Program Files\dotnet\sdk\9.0.201\Sdks\Microsoft.NET.Sdk\targets\Microsoft.NET.Sdk.targets" del proyecto "D:\PROGRAMAS_MIOS\NoFences\NoFences\NoFences.csproj" (el destino "BeforeBuild" depende de él):
   1:7>Compilación terminada del destino "ValidateCommandLineProperties" en el proyecto "NoFences.csproj".
   1:7>Destino "BeforeBuild" en el archivo "C:\Program Files\dotnet\sdk\9.0.201\Microsoft.Common.CurrentVersion.targets" del proyecto "D:\PROGRAMAS_MIOS\NoFences\NoFences\NoFences.csproj" (el destino "Build" depende de él):
   1:7>Compilación terminada del destino "BeforeBuild" en el proyecto "NoFences.csproj".
       Se omitió el destino "_CheckForBuildWithNoBuild" debido a una condición falsa (False); ('$(NoBuild)' == 'true' and '$(GeneratePackageOnBuild)' != 'true') se evaluó como ('' == 'true' and 'false' != 'true').
   1:7>Destino "BuildOnlySettings" en el archivo "C:\Program Files\dotnet\sdk\9.0.201\Microsoft.Common.CurrentVersion.targets" del proyecto "D:\PROGRAMAS_MIOS\NoFences\NoFences\NoFences.csproj" (el destino "CoreBuild" depende de él):
   1:7>Compilación terminada del destino "BuildOnlySettings" en el proyecto "NoFences.csproj".
       Se omitió el destino "_CheckForUnsupportedTargetFramework" debido a una condición falsa (False); ('$(_UnsupportedTargetFrameworkError)' == 'true') se evaluó como ('' == 'true').
       Se omitió el destino "_CheckForUnsupportedTargetPlatformIdentifier" debido a una condición falsa (False); ('$(TargetPlatformIdentifier)' != '' and '$(TargetFrameworkIdentifier)' == '.NETCoreApp' and $([MSBuild]::VersionGreaterThanOrEquals($(TargetFrameworkVersion), 5.0)) And ('$(DesignTimeBuild)' != 'true' Or '@(MissingWorkloadPack)' == '')) se evaluó como ('Windows' != '' and '.NETFramework' == '.NETCoreApp' and False And ('' != 'true' Or '' == '')).
       Se omitió el destino "_CheckForMissingWorkload" debido a una condición falsa (False); ('@(MissingWorkloadPack)' != '' And '$(DesignTimeBuild)' != 'true') se evaluó como ('' != '' And '' != 'true').
   1:7>Destino "GetFrameworkPaths" en el archivo "C:\Program Files\dotnet\sdk\9.0.201\Microsoft.NETFramework.CurrentVersion.targets" del proyecto "D:\PROGRAMAS_MIOS\NoFences\NoFences\NoFences.csproj" (el destino "PrepareForBuild" depende de él):
   1:7>Compilación terminada del destino "GetFrameworkPaths" en el proyecto "NoFences.csproj".
       Se omitió el destino "GetFrameworkPaths". Compilado previamente de forma correcta.
       Se omitió el destino "_CheckForUnsupportedTargetFramework" debido a una condición falsa (False); ('$(_UnsupportedTargetFrameworkError)' == 'true') se evaluó como ('' == 'true').
       Se omitió el destino "_CheckForUnsupportedTargetPlatformIdentifier" debido a una condición falsa (False); ('$(TargetPlatformIdentifier)' != '' and '$(TargetFrameworkIdentifier)' == '.NETCoreApp' and $([MSBuild]::VersionGreaterThanOrEquals($(TargetFrameworkVersion), 5.0)) And ('$(DesignTimeBuild)' != 'true' Or '@(MissingWorkloadPack)' == '')) se evaluó como ('Windows' != '' and '.NETFramework' == '.NETCoreApp' and False And ('' != 'true' Or '' == '')).
       Se omitió el destino "_CheckForMissingWorkload" debido a una condición falsa (False); ('@(MissingWorkloadPack)' != '' And '$(DesignTimeBuild)' != 'true') se evaluó como ('' != '' And '' != 'true').
   1:7>Destino "GetReferenceAssemblyPaths" en el archivo "C:\Program Files\dotnet\sdk\9.0.201\Microsoft.Common.CurrentVersion.targets" del proyecto "D:\PROGRAMAS_MIOS\NoFences\NoFences\NoFences.csproj" (el destino "PrepareForBuild" depende de él):
       Tarea "GetReferenceAssemblyPaths"
       Ejecución de la tarea "GetReferenceAssemblyPaths" terminada.
   1:7>Compilación terminada del destino "GetReferenceAssemblyPaths" en el proyecto "NoFences.csproj".
       Se omitió el destino "AssignLinkMetadata" debido a una condición falsa (False); ( '$(SynthesizeLinkMetadata)' == 'true' ) se evaluó como ( '' == 'true' ).
       Se omitió el destino "_VerifyPackReleaseConfigurations" debido a una condición falsa (False); ('$(_IsPacking)' == 'true' and '$(DOTNET_CLI_DISABLE_PUBLISH_AND_PACK_RELEASE)' != 'true' and '$(DOTNET_CLI_LAZY_PUBLISH_AND_PACK_RELEASE_FOR_SOLUTIONS)' == 'true') se evaluó como ('' == 'true' and '' != 'true' and '' == 'true').
   1:7>Destino "PrepareForBuild" en el archivo "C:\Program Files\dotnet\sdk\9.0.201\Microsoft.Common.CurrentVersion.targets" del proyecto "D:\PROGRAMAS_MIOS\NoFences\NoFences\NoFences.csproj" (el destino "CoreBuild" depende de él):
       Usando la tarea "FindAppConfigFile" del ensamblado "Microsoft.Build.Tasks.Core, Version=15.1.0.0, Culture=neutral, PublicKeyToken=b03f5f7f11d50a3a".
       Tarea "FindAppConfigFile"
         Se encontró "App.config".
       Ejecución de la tarea "FindAppConfigFile" terminada.
       Usando la tarea "MakeDir" del ensamblado "Microsoft.Build.Tasks.Core, Version=15.1.0.0, Culture=neutral, PublicKeyToken=b03f5f7f11d50a3a".
       Tarea "MakeDir"
       Ejecución de la tarea "MakeDir" terminada.
   1:7>Compilación terminada del destino "PrepareForBuild" en el proyecto "NoFences.csproj".
       Se omitió el destino "GenerateGlobalUsings" debido a una condición falsa (False); (@(Using->Count()) != 0) se evaluó como (0 != 0).
       Se omitió el destino "PreBuildEvent" debido a una condición falsa (False); ('$(PreBuildEvent)'!='') se evaluó como (''!='').
       Se omitió el destino "_BlockWinMDsOnUnsupportedTFMs" debido a una condición falsa (False); ('$(TargetFrameworkIdentifier)' == '.NETCoreApp' and $([MSBuild]::VersionGreaterThanOrEquals($(TargetFrameworkVersion), '5.0'))) se evaluó como ('.NETFramework' == '.NETCoreApp' and False).
   1:7>Destino "BeforeResolveReferences" en el archivo "C:\Program Files\dotnet\sdk\9.0.201\Microsoft.Common.CurrentVersion.targets" del proyecto "D:\PROGRAMAS_MIOS\NoFences\NoFences\NoFences.csproj" (el destino "ResolveReferences" depende de él):
   1:7>Compilación terminada del destino "BeforeResolveReferences" en el proyecto "NoFences.csproj".
       Se omitió el destino "AssignProjectConfiguration" debido a una condición falsa (False); ('$(CurrentSolutionConfigurationContents)' != '' or '@(ProjectReference)'!='') se evaluó como ('' != '' or ''!='').
   1:7>Destino "IgnoreJavaScriptOutputAssembly" en el archivo "C:\Program Files\dotnet\sdk\9.0.201\Microsoft.Common.CurrentVersion.targets" del proyecto "D:\PROGRAMAS_MIOS\NoFences\NoFences\NoFences.csproj" (el destino "AssignProjectConfiguration" depende de él):
   1:7>Compilación terminada del destino "IgnoreJavaScriptOutputAssembly" en el proyecto "NoFences.csproj".
       Se omitió el destino "ProcessFrameworkReferences" debido a una condición falsa (False); ('@(FrameworkReference)' != '' Or '$(_RequiresILLinkPack)' == 'true') se evaluó como ('' != '' Or 'false' == 'true').
       Se omitió el destino "_NormalizeTargetPlatformVersion" debido a una condición falsa (False); ('$(TargetPlatformVersion)' != '' and '$(TargetFrameworkIdentifier)' == '.NETCoreApp' and $([MSBuild]::VersionGreaterThanOrEquals($(TargetFrameworkVersion), 5.0)) and ('$(Language)' != 'C++' or '$(_EnablePackageReferencesInVCProjects)' == 'true')) se evaluó como ('7.0' != '' and '.NETFramework' == '.NETCoreApp' and False and ('C#' != 'C++' or '' == 'true')).
   1:7>Destino "_DefaultMicrosoftNETPlatformLibrary" en el archivo "C:\Program Files\dotnet\sdk\9.0.201\Sdks\Microsoft.NET.Sdk\targets\Microsoft.NET.Sdk.Shared.targets" del proyecto "D:\PROGRAMAS_MIOS\NoFences\NoFences\NoFences.csproj" (el destino "ResolvePackageAssets" depende de él):
   1:7>Compilación terminada del destino "_DefaultMicrosoftNETPlatformLibrary" en el proyecto "NoFences.csproj".
   1:7>Destino "_ComputePackageReferencePublish" en el archivo "C:\Program Files\dotnet\sdk\9.0.201\Sdks\Microsoft.NET.Sdk\targets\Microsoft.NET.Sdk.Shared.targets" del proyecto "D:\PROGRAMAS_MIOS\NoFences\NoFences\NoFences.csproj" (el destino "ResolvePackageAssets" depende de él):
   1:7>Compilación terminada del destino "_ComputePackageReferencePublish" en el proyecto "NoFences.csproj".
       Se omitió el destino "_ResolveCompilerVersion" debido a una condición falsa (False); ('$(CompilerApiVersion)' == '' And
                            ('$(Language)' == 'C#' Or '$(Language)' == 'VB') And
                            Exists('$(RoslynTargetsPath)\Microsoft.Build.Tasks.CodeAnalysis.dll')) se evaluó como ('roslyn4.13' == '' And
                            ('C#' == 'C#' Or 'C#' == 'VB') And
                            Exists('C:\Program Files\dotnet\sdk\9.0.201\Roslyn\Microsoft.Build.Tasks.CodeAnalysis.dll')).
   1:7>Destino "ResolvePackageAssets" en el archivo "C:\Program Files\dotnet\sdk\9.0.201\Sdks\Microsoft.NET.Sdk\targets\Microsoft.PackageDependencyResolution.targets" del proyecto "D:\PROGRAMAS_MIOS\NoFences\NoFences\NoFences.csproj" (el destino "ResolveLockFileReferences" depende de él):
       Usando la tarea "ResolvePackageAssets" del ensamblado "C:\Program Files\dotnet\sdk\9.0.201\Sdks\Microsoft.NET.Sdk\targets\..\tools\net9.0\Microsoft.NET.Build.Tasks.dll".
       Tarea "ResolvePackageAssets"
       Ejecución de la tarea "ResolvePackageAssets" terminada.
   1:7>Compilación terminada del destino "ResolvePackageAssets" en el proyecto "NoFences.csproj".
   1:7>Destino "AdjustDefaultPlatformTargetForNetFrameworkExeWithNoNativeCopyLocalItems" en el archivo "C:\Program Files\dotnet\sdk\9.0.201\Sdks\Microsoft.NET.Sdk\targets\Microsoft.NET.RuntimeIdentifierInference.targets" del proyecto "D:\PROGRAMAS_MIOS\NoFences\NoFences\NoFences.csproj" (el destino "ResolveLockFileReferences" depende de él):
       Usando la tarea "GetDefaultPlatformTargetForNetFramework" del ensamblado "C:\Program Files\dotnet\sdk\9.0.201\Sdks\Microsoft.NET.Sdk\targets\..\tools\net9.0\Microsoft.NET.Build.Tasks.dll".
       Tarea "GetDefaultPlatformTargetForNetFramework"
       Ejecución de la tarea "GetDefaultPlatformTargetForNetFramework" terminada.
   1:7>Compilación terminada del destino "AdjustDefaultPlatformTargetForNetFrameworkExeWithNoNativeCopyLocalItems" en el proyecto "NoFences.csproj".
       Se omitió el destino "_CheckForTransitiveWindowsDesktopDependencies" debido a una condición falsa (False); ('$(TargetFrameworkIdentifier)' == '.NETCoreApp' and $([MSBuild]::VersionGreaterThanOrEquals($(_TargetFrameworkVersionWithoutV), '5.0')) and '$(TargetPlatformIdentifier)' != 'Windows' and '@(TransitiveFrameworkReference)' != '') se evaluó como ('.NETFramework' == '.NETCoreApp' and False and 'Windows' != 'Windows' and '' != '').
       Se omitió el destino "AddTransitiveFrameworkReferences" debido a una condición falsa (False); ('@(TransitiveFrameworkReference)' != '') se evaluó como ('' != '').
       Se omitió el destino "_CheckForTransitiveWindowsSDKFullDependencies" debido a una condición falsa (False); ( '$(TargetFrameworkIdentifier)' == '.NETCoreApp'
                             and '$(TargetPlatformIdentifier)' == 'Windows'
                             and '@(TransitiveFrameworkReference)' != ''
                             and '$(UseUwp)' != 'true' ) se evaluó como ( '.NETFramework' == '.NETCoreApp'
                             and 'Windows' == 'Windows'
                             and '' != ''
                             and '' != 'true' ).
       Se omitió el destino "_CheckForInvalidTfmForWindowsSDKXamlDependencies" debido a una condición falsa (False); ( !('$(TargetFrameworkIdentifier)' == '.NETCoreApp' and $([MSBuild]::VersionGreaterThanOrEquals($(TargetFrameworkVersion), '8.0')) and '$(TargetPlatformIdentifier)' == 'Windows')
                             and '$(UseUwp)' == 'true' ) se evaluó como ( !('.NETFramework' == '.NETCoreApp' and False and 'Windows' == 'Windows')
                             and '' == 'true' ).
   1:7>Destino "ResolveLockFileReferences" en el archivo "C:\Program Files\dotnet\sdk\9.0.201\Sdks\Microsoft.NET.Sdk\targets\Microsoft.PackageDependencyResolution.targets" del proyecto "D:\PROGRAMAS_MIOS\NoFences\NoFences\NoFences.csproj" (el destino "ResolvePackageDependenciesForBuild" depende de él):
       Usando la tarea "JoinItems" del ensamblado "C:\Program Files\dotnet\sdk\9.0.201\Sdks\Microsoft.NET.Sdk\targets\..\tools\net9.0\Microsoft.NET.Build.Tasks.dll".
       Tarea "JoinItems"
       Ejecución de la tarea "JoinItems" terminada.
   1:7>Compilación terminada del destino "ResolveLockFileReferences" en el proyecto "NoFences.csproj".
       Se omitió el destino "ResolvePackageAssets". Compilado previamente de forma correcta.
   1:7>Destino "ResolveLockFileAnalyzers" en el archivo "C:\Program Files\dotnet\sdk\9.0.201\Sdks\Microsoft.NET.Sdk\targets\Microsoft.PackageDependencyResolution.targets" del proyecto "D:\PROGRAMAS_MIOS\NoFences\NoFences\NoFences.csproj" (el destino "ResolvePackageDependenciesForBuild" depende de él):
   1:7>Compilación terminada del destino "ResolveLockFileAnalyzers" en el proyecto "NoFences.csproj".
       Se omitió el destino "ResolvePackageAssets". Compilado previamente de forma correcta.
       Se omitió el destino "RunProduceContentAssets" debido a una condición falsa (False); ('@(_ContentFilesToPreprocess)' != '' and '$(_CleaningWithoutRebuilding)' != 'true') se evaluó como ('' != '' and '' != 'true').
   1:7>Destino "ResolveLockFileCopyLocalFiles" en el archivo "C:\Program Files\dotnet\sdk\9.0.201\Sdks\Microsoft.NET.Sdk\targets\Microsoft.PackageDependencyResolution.targets" del proyecto "D:\PROGRAMAS_MIOS\NoFences\NoFences\NoFences.csproj" (el destino "ResolvePackageDependenciesForBuild" depende de él):
   1:7>Compilación terminada del destino "ResolveLockFileCopyLocalFiles" en el proyecto "NoFences.csproj".
       Se omitió el destino "ResolveRuntimePackAssets" debido a una condición falsa (False); ('@(RuntimePack)' != '') se evaluó como ('' != '').
       Se omitió el destino "RunProduceContentAssets" debido a una condición falsa (False); ('@(_ContentFilesToPreprocess)' != '' and '$(_CleaningWithoutRebuilding)' != 'true') se evaluó como ('' != '' and '' != 'true').
       Se omitió el destino "ResolvePackageAssets". Compilado previamente de forma correcta.
   1:7>Destino "IncludeTransitiveProjectReferences" en el archivo "C:\Program Files\dotnet\sdk\9.0.201\Sdks\Microsoft.NET.Sdk\targets\Microsoft.PackageDependencyResolution.targets" del proyecto "D:\PROGRAMAS_MIOS\NoFences\NoFences\NoFences.csproj" (el destino "ResolvePackageDependenciesForBuild" depende de él):
   1:7>Compilación terminada del destino "IncludeTransitiveProjectReferences" en el proyecto "NoFences.csproj".
   1:7>Destino "ResolvePackageDependenciesForBuild" en el archivo "C:\Program Files\dotnet\sdk\9.0.201\Sdks\Microsoft.NET.Sdk\targets\Microsoft.PackageDependencyResolution.targets" del proyecto "D:\PROGRAMAS_MIOS\NoFences\NoFences\NoFences.csproj" (el destino "AssignProjectConfiguration" depende de él):
   1:7>Compilación terminada del destino "ResolvePackageDependenciesForBuild" en el proyecto "NoFences.csproj".
       Se omitió el destino "AssignProjectConfiguration" debido a una condición falsa (False); ('$(CurrentSolutionConfigurationContents)' != '' or '@(ProjectReference)'!='') se evaluó como ('' != '' or ''!='').
   1:7>Destino "_SplitProjectReferencesByFileExistence" en el archivo "C:\Program Files\dotnet\sdk\9.0.201\Microsoft.Common.CurrentVersion.targets" del proyecto "D:\PROGRAMAS_MIOS\NoFences\NoFences\NoFences.csproj" (el destino "PrepareProjectReferences" depende de él):
       Se omitió la tarea "ResolveNonMSBuildProjectOutput" debido a una condición falsa (False); ('$(BuildingInsideVisualStudio)'=='true' and '@(ProjectReferenceWithConfiguration)'!='') se evaluó como (''=='true' and ''!='').
   1:7>Compilación terminada del destino "_SplitProjectReferencesByFileExistence" en el proyecto "NoFences.csproj".
   1:7>Destino "_AddOutputPathToGlobalPropertiesToRemove" en el archivo "C:\Program Files\dotnet\sdk\9.0.201\Microsoft.Common.CurrentVersion.targets" del proyecto "D:\PROGRAMAS_MIOS\NoFences\NoFences\NoFences.csproj" (el destino "_GetProjectReferenceTargetFrameworkProperties" depende de él):
   1:7>Compilación terminada del destino "_AddOutputPathToGlobalPropertiesToRemove" en el proyecto "NoFences.csproj".
   1:7>Destino "_GetProjectReferenceTargetFrameworkProperties" en el archivo "C:\Program Files\dotnet\sdk\9.0.201\Microsoft.Common.CurrentVersion.targets" del proyecto "D:\PROGRAMAS_MIOS\NoFences\NoFences\NoFences.csproj" (el destino "PrepareProjectReferences" depende de él):
       Tarea "MSBuild"
       Ejecución de la tarea "MSBuild" terminada.
       Se omitió la tarea "MSBuild" debido a una condición falsa (False); ('%(_MSBuildProjectReferenceExistent.SkipGetTargetFrameworkProperties)' != 'true' and '$(EnableDynamicPlatformResolution)' == 'true') se evaluó como ('' != 'true' and '' == 'true').
       Se omitió la tarea "GetReferenceNearestTargetFrameworkTask" debido a una condición falsa (False); ('@(_ProjectReferenceTargetFrameworkPossibilities)' != '' and '$(ReferringTargetFrameworkForProjectReferences)' != ''
                                                               And '$(GetReferenceNearestTargetFrameworkTaskSupportsTargetPlatformParameter)' == 'true' and '%(_ProjectReferenceTargetFrameworkPossibilities.IsVcxOrNativeProj)' != 'true') se evaluó como ('' != '' and '.NETFramework,Version=v4.8' != ''
                                                               And 'true' == 'true' and '' != 'true').
       Se omitió la tarea "GetReferenceNearestTargetFrameworkTask" debido a una condición falsa (False); ('@(_ProjectReferenceTargetFrameworkPossibilities)' != '' and '$(ReferringTargetFrameworkForProjectReferences)' != ''
                                                               And '$(GetReferenceNearestTargetFrameworkTaskSupportsTargetPlatformParameter)' != 'true' and '%(_ProjectReferenceTargetFrameworkPossibilities.IsVcxOrNativeProj)' != 'true') se evaluó como ('' != '' and '.NETFramework,Version=v4.8' != ''
                                                               And 'true' != 'true' and '' != 'true').
       Usando la tarea "SetRidAgnosticValueForProjects" del ensamblado "Microsoft.Build.Tasks.Core, Version=15.1.0.0, Culture=neutral, PublicKeyToken=b03f5f7f11d50a3a".
       Tarea "SetRidAgnosticValueForProjects"
       Ejecución de la tarea "SetRidAgnosticValueForProjects" terminada.
   1:7>Compilación terminada del destino "_GetProjectReferenceTargetFrameworkProperties" en el proyecto "NoFences.csproj".
   1:7>Destino "ValidateExecutableReferences" en el archivo "C:\Program Files\dotnet\sdk\9.0.201\Sdks\Microsoft.NET.Sdk\targets\Microsoft.NET.Sdk.targets" del proyecto "D:\PROGRAMAS_MIOS\NoFences\NoFences\NoFences.csproj" (el destino "PrepareProjectReferences" depende de él):
       Usando la tarea "ValidateExecutableReferences" del ensamblado "C:\Program Files\dotnet\sdk\9.0.201\Sdks\Microsoft.NET.Sdk\targets\..\tools\net9.0\Microsoft.NET.Build.Tasks.dll".
       Tarea "ValidateExecutableReferences"
       Ejecución de la tarea "ValidateExecutableReferences" terminada.
   1:7>Compilación terminada del destino "ValidateExecutableReferences" en el proyecto "NoFences.csproj".
       Se omitió el destino "_GetProjectReferencePlatformProperties" debido a una condición falsa (False); ('$(EnableDynamicPlatformResolution)' == 'true'
                            and '@(_MSBuildProjectReferenceExistent)' != '') se evaluó como ('' == 'true'
                            and '' != '').
   1:7>Destino "PrepareProjectReferences" en el archivo "C:\Program Files\dotnet\sdk\9.0.201\Microsoft.Common.CurrentVersion.targets" del proyecto "D:\PROGRAMAS_MIOS\NoFences\NoFences\NoFences.csproj" (el destino "ResolveProjectReferences" depende de él):
   1:7>Compilación terminada del destino "PrepareProjectReferences" en el proyecto "NoFences.csproj".
   1:7>Destino "ResolveProjectReferences" en el archivo "C:\Program Files\dotnet\sdk\9.0.201\Microsoft.Common.CurrentVersion.targets" del proyecto "D:\PROGRAMAS_MIOS\NoFences\NoFences\NoFences.csproj" (el destino "ResolveReferences" depende de él):
       Se omitió la tarea "MSBuild" debido a una condición falsa (False); ('%(_MSBuildProjectReferenceExistent.BuildReference)' == 'true' and '@(ProjectReferenceWithConfiguration)' != '' and ('$(BuildingInsideVisualStudio)' == 'true' or '$(BuildProjectReferences)' != 'true') and '$(VisualStudioVersion)' != '10.0' and '@(_MSBuildProjectReferenceExistent)' != '') se evaluó como ('' == 'true' and '' != '' and ('' == 'true' or 'true' != 'true') and '17.0' != '10.0' and '' != '').
       Se omitió la tarea "MSBuild" debido a una condición falsa (False); ('%(_MSBuildProjectReferenceExistent.BuildReference)' == 'true' and '@(ProjectReferenceWithConfiguration)' != '' and '$(BuildingInsideVisualStudio)' != 'true' and '$(BuildProjectReferences)' == 'true' and '@(_MSBuildProjectReferenceExistent)' != '') se evaluó como ('' == 'true' and '' != '' and '' != 'true' and 'true' == 'true' and '' != '').
       Se omitió la tarea "MSBuild" debido a una condición falsa (False); ('%(_MSBuildProjectReferenceExistent.BuildReference)' == 'true' and '@(ProjectReferenceWithConfiguration)' != '' and '$(BuildingProject)' == 'true' and '@(_MSBuildProjectReferenceExistent)' != '') se evaluó como ('' == 'true' and '' != '' and 'true' == 'true' and '' != '').
       Se omitió la tarea "MSBuildInternalMessage" debido a una condición falsa (False); ('$(_NonExistentProjectReferenceSeverity)' != '') se evaluó como ('' != '').
   1:7>Compilación terminada del destino "ResolveProjectReferences" en el proyecto "NoFences.csproj".
   1:7>Destino "RemoveManagedWinRTComponentWinMDReferences" en el archivo "C:\Program Files\dotnet\sdk\9.0.201\Sdks\Microsoft.NET.Sdk\targets\Microsoft.NET.Windows.targets" del proyecto "D:\PROGRAMAS_MIOS\NoFences\NoFences\NoFences.csproj" (el destino "ResolveReferences" depende de él):
   1:7>Compilación terminada del destino "RemoveManagedWinRTComponentWinMDReferences" en el proyecto "NoFences.csproj".
       Se omitió el destino "AddWinRTComponentImplementationReference" debido a una condición falsa (False); ('@(ManagedWinRTComponentImplementations)' != '') se evaluó como ('' != '').
       Se omitió el destino "FindInvalidProjectReferences" debido a una condición falsa (False); ('$(FindInvalidProjectReferences)' == 'true') se evaluó como ('' == 'true').
       Se omitió el destino "ResolveNativeReferences" debido a una condición falsa (False); ('@(NativeReference)'!='') se evaluó como (''!='').
       Se omitió el destino "ResolveProjectReferences". Compilado previamente de forma correcta.
       Se omitió el destino "FindInvalidProjectReferences" debido a una condición falsa (False); ('$(FindInvalidProjectReferences)' == 'true') se evaluó como ('' == 'true').
       Se omitió el destino "GetFrameworkPaths". Compilado previamente de forma correcta.
       Se omitió el destino "GetReferenceAssemblyPaths". Compilado previamente de forma correcta.
       Se omitió el destino "PrepareForBuild". Compilado previamente de forma correcta.
       Se omitió el destino "GetInstalledSDKLocations" debido a una condición falsa (False); ('@(SDKReference)' != '') se evaluó como ('' != '').
   1:7>Destino "ResolveSDKReferences" en el archivo "C:\Program Files\dotnet\sdk\9.0.201\Microsoft.Common.CurrentVersion.targets" del proyecto "D:\PROGRAMAS_MIOS\NoFences\NoFences\NoFences.csproj" (el destino "ResolveAssemblyReferences" depende de él):
       Se omitió la tarea "ResolveSDKReference" debido a una condición falsa (False); ('@(SDKReference)'!='') se evaluó como (''!='').
   1:7>Compilación terminada del destino "ResolveSDKReferences" en el proyecto "NoFences.csproj".
       Se omitió el destino "ResolveSDKReferences". Compilado previamente de forma correcta.
   1:7>Destino "ExpandSDKReferences" en el archivo "C:\Program Files\dotnet\sdk\9.0.201\Microsoft.Common.CurrentVersion.targets" del proyecto "D:\PROGRAMAS_MIOS\NoFences\NoFences\NoFences.csproj" (el destino "ResolveAssemblyReferences" depende de él):
       Se omitió la tarea "GetSDKReferenceFiles" debido a una condición falsa (False); ('@(ResolvedSDKReference)'!='') se evaluó como (''!='').
   1:7>Compilación terminada del destino "ExpandSDKReferences" en el proyecto "NoFences.csproj".
       Se omitió el destino "ResolvePackageDependenciesForBuild". Compilado previamente de forma correcta.
       Se omitió el destino "GetFrameworkPaths". Compilado previamente de forma correcta.
       Se omitió el destino "GetReferenceAssemblyPaths". Compilado previamente de forma correcta.
       Se omitió el destino "ResolveTargetingPackAssets" debido a una condición falsa (False); ('@(FrameworkReference)' != '') se evaluó como ('' != '').
       Se omitió el destino "ResolveOffByDefaultAnalyzers" debido a una condición falsa (False); ('@(FrameworkReference)' != '') se evaluó como ('' != '').
   1:7>Destino "ImplicitlyExpandNETStandardFacades" en el archivo "C:\Program Files\dotnet\sdk\9.0.201\Microsoft\Microsoft.NET.Build.Extensions\Microsoft.NET.Build.Extensions.NETFramework.targets" del proyecto "D:\PROGRAMAS_MIOS\NoFences\NoFences\NoFences.csproj" (el destino "_HandlePackageFileConflicts" depende de él):
       Se omitió la tarea "GetDependsOnNETStandard" debido a una condición falsa (False); ('$(_RunGetDependsOnNETStandard)' == 'true') se evaluó como ('' == 'true').
       Se omitió la tarea "NETBuildExtensionsError" debido a una condición falsa (False); ('$(DependsOnNETStandard)' == 'true' AND '$(NETStandardInbox)' != 'true' AND '$(_UsingOldSDK)' == 'true') se evaluó como ('' == 'true' AND 'true' != 'true' AND '' == 'true').
       Se omitió la tarea "AddFacadesToReferences" debido a una condición falsa (False); ('@(_NETStandardLibraryNETFrameworkLib)' != '') se evaluó como ('' != '').
   1:7>Compilación terminada del destino "ImplicitlyExpandNETStandardFacades" en el proyecto "NoFences.csproj".
   1:7>Destino "_HandlePackageFileConflicts" en el archivo "C:\Program Files\dotnet\sdk\9.0.201\Sdks\Microsoft.NET.Sdk\targets\Microsoft.NET.ConflictResolution.targets" del proyecto "D:\PROGRAMAS_MIOS\NoFences\NoFences\NoFences.csproj" (el destino "ResolveAssemblyReferences" depende de él):
       Usando la tarea "ResolvePackageFileConflicts" del ensamblado "C:\Program Files\dotnet\sdk\9.0.201\Sdks\Microsoft.NET.Sdk\targets\..\tools\net9.0\Microsoft.NET.Build.Tasks.dll".
       Tarea "ResolvePackageFileConflicts"
       Ejecución de la tarea "ResolvePackageFileConflicts" terminada.
   1:7>Compilación terminada del destino "_HandlePackageFileConflicts" en el proyecto "NoFences.csproj".
       Se omitió el destino "ResolveTargetingPackAssets" debido a una condición falsa (False); ('@(FrameworkReference)' != '') se evaluó como ('' != '').
       Se omitió el destino "ResolveOffByDefaultAnalyzers" debido a una condición falsa (False); ('@(FrameworkReference)' != '') se evaluó como ('' != '').
       Se omitió el destino "ImplicitlyExpandNETStandardFacades". Compilado previamente de forma correcta.
   1:7>Destino "ResolveAssemblyReferences" en el archivo "C:\Program Files\dotnet\sdk\9.0.201\Microsoft.Common.CurrentVersion.targets" del proyecto "D:\PROGRAMAS_MIOS\NoFences\NoFences\NoFences.csproj" (el destino "ResolveReferences" depende de él):
       Usando la tarea "ResolveAssemblyReference" del ensamblado "Microsoft.Build.Tasks.Core, Version=15.1.0.0, Culture=neutral, PublicKeyToken=b03f5f7f11d50a3a".
       Tarea "ResolveAssemblyReference"
         TargetFrameworkMoniker:
             .NETFramework,Version=v4.8
         TargetFrameworkMonikerDisplayName:
             .NET Framework 4.8
         TargetedRuntimeVersion:
             v
         Assemblies:
             System.Windows.Forms
             System
             System.Data
             System.Drawing
             System.Xml
             System.Core
             System.Runtime.Serialization
             System.Xml.Linq
             System.Numerics
             System.IO.Compression.FileSystem
             System.Configuration
                 Private = 'false'
             System.IO.Compression
                 Private = 'false'
             mscorlib
                 Private = 'false'
             C:\Users\Notbanzz\.nuget\packages\microsoft.bcl.asyncinterfaces\6.0.0\lib\net461\Microsoft.Bcl.AsyncInterfaces.dll
                 Private = 'false'
                 HintPath = 'C:\Users\Notbanzz\.nuget\packages\microsoft.bcl.asyncinterfaces\6.0.0\lib\net461\Microsoft.Bcl.AsyncInterfaces.dll'
             C:\Users\Notbanzz\.nuget\packages\microsoft.extensions.dependencyinjection\6.0.0\lib\net461\Microsoft.Extensions.DependencyInjection.dll
                 Private = 'false'
                 HintPath = 'C:\Users\Notbanzz\.nuget\packages\microsoft.extensions.dependencyinjection\6.0.0\lib\net461\Microsoft.Extensions.DependencyInjection.dll'
             C:\Users\Notbanzz\.nuget\packages\microsoft.extensions.dependencyinjection.abstractions\6.0.0\lib\net461\Microsoft.Extensions.DependencyInjection.Abstractions.dll
                 Private = 'false'
                 HintPath = 'C:\Users\Notbanzz\.nuget\packages\microsoft.extensions.dependencyinjection.abstractions\6.0.0\lib\net461\Microsoft.Extensions.DependencyInjection.Abstractions.dll'
             C:\Users\Notbanzz\.nuget\packages\newtonsoft.json\13.0.3\lib\net45\Newtonsoft.Json.dll
                 Private = 'false'
                 HintPath = 'C:\Users\Notbanzz\.nuget\packages\newtonsoft.json\13.0.3\lib\net45\Newtonsoft.Json.dll'
             C:\Users\Notbanzz\.nuget\packages\nlog\5.2.8\lib\net46\NLog.dll
                 Private = 'false'
                 HintPath = 'C:\Users\Notbanzz\.nuget\packages\nlog\5.2.8\lib\net46\NLog.dll'
             C:\Users\Notbanzz\.nuget\packages\system.buffers\4.5.1\ref\net45\System.Buffers.dll
                 Private = 'false'
                 HintPath = 'C:\Users\Notbanzz\.nuget\packages\system.buffers\4.5.1\ref\net45\System.Buffers.dll'
             C:\Users\Notbanzz\.nuget\packages\system.memory\4.5.4\lib\net461\System.Memory.dll
                 Private = 'false'
                 HintPath = 'C:\Users\Notbanzz\.nuget\packages\system.memory\4.5.4\lib\net461\System.Memory.dll'
             C:\Users\Notbanzz\.nuget\packages\system.numerics.vectors\4.5.0\ref\net46\System.Numerics.Vectors.dll
                 Private = 'false'
                 HintPath = 'C:\Users\Notbanzz\.nuget\packages\system.numerics.vectors\4.5.0\ref\net46\System.Numerics.Vectors.dll'
             C:\Users\Notbanzz\.nuget\packages\system.resources.extensions\6.0.0\lib\net461\System.Resources.Extensions.dll
                 Private = 'false'
                 HintPath = 'C:\Users\Notbanzz\.nuget\packages\system.resources.extensions\6.0.0\lib\net461\System.Resources.Extensions.dll'
             C:\Users\Notbanzz\.nuget\packages\system.runtime.compilerservices.unsafe\6.0.0\lib\net461\System.Runtime.CompilerServices.Unsafe.dll
                 Private = 'false'
                 HintPath = 'C:\Users\Notbanzz\.nuget\packages\system.runtime.compilerservices.unsafe\6.0.0\lib\net461\System.Runtime.CompilerServices.Unsafe.dll'
             C:\Users\Notbanzz\.nuget\packages\system.threading.tasks.extensions\4.5.4\lib\net461\System.Threading.Tasks.Extensions.dll
                 Private = 'false'
                 HintPath = 'C:\Users\Notbanzz\.nuget\packages\system.threading.tasks.extensions\4.5.4\lib\net461\System.Threading.Tasks.Extensions.dll'
         AssemblyFiles:
             C:\Program Files (x86)\Reference Assemblies\Microsoft\Framework\.NETFramework\v4.8\mscorlib.dll
         CandidateAssemblyFiles:
         TargetFrameworkDirectories:
             C:\Program Files (x86)\Reference Assemblies\Microsoft\Framework\.NETFramework\v4.8\,C:\Program Files (x86)\Reference Assemblies\Microsoft\Framework\.NETFramework\v4.8\Facades\
         InstalledAssemblyTables:
         IgnoreInstalledAssemblyTable:
             False
         SearchPaths:
             {CandidateAssemblyFiles}
             {HintPathFromItem}
             {TargetFrameworkDirectory}
             {RawFileName}
         AllowedAssemblyExtensions:
             .winmd
             .dll
             .exe
         AllowedRelatedFileExtensions:
             .pdb
             .xml
             .pri
             .dll.config
             .exe.config
         AppConfigFile:
             App.config
         AutoUnify:
             True
         CopyLocalDependenciesWhenParentReferenceInGac:
             True
         FindDependencies:
             True
         TargetProcessorArchitecture:
             x86
         StateFile:
             obj\Debug\net48\NoFences.csproj.AssemblyReference.cache
         InstalledAssemblySubsetTables:
         IgnoreInstalledAssemblySubsetTable:
             False
         TargetFrameworkSubsets:
         FullTargetFrameworkSubsetNames:
             Full
         ProfileName:
             
         FullFrameworkFolders:
             C:\Program Files (x86)\Reference Assemblies\Microsoft\Framework\.NETFramework\v4.8\
         LatestTargetFrameworkDirectories:
         ProfileTablesLocation:
         Referencia principal "mscorlib, Version=4.0.0.0, Culture=neutral, PublicKeyToken=b77a5c561934e089".
             La ruta de acceso del archivo resuelta es "C:\Program Files (x86)\Reference Assemblies\Microsoft\Framework\.NETFramework\v4.8\mscorlib.dll".
             Se encontró una referencia en la ubicación de ruta de acceso de búsqueda "{TargetFrameworkDirectory}".
                 Para SearchPath "{TargetFrameworkDirectory}".
                 Se consideró "C:\Program Files (x86)\Reference Assemblies\Microsoft\Framework\.NETFramework\v4.8\mscorlib.winmd", pero no existía.
             Esta referencia no es "CopyLocal" porque existe al menos un elemento de origen con "Private" establecido en "false" y ningún elemento de origen con "Private" establecido en "true".
         Referencia principal "System.Windows.Forms, Version=4.0.0.0, Culture=neutral, PublicKeyToken=b77a5c561934e089".
             La ruta de acceso del archivo resuelta es "C:\Program Files (x86)\Reference Assemblies\Microsoft\Framework\.NETFramework\v4.8\System.Windows.Forms.dll".
             Se encontró una referencia en la ubicación de ruta de acceso de búsqueda "{TargetFrameworkDirectory}".
                 Para SearchPath "{TargetFrameworkDirectory}".
                 Se consideró "C:\Program Files (x86)\Reference Assemblies\Microsoft\Framework\.NETFramework\v4.8\System.Windows.Forms.winmd", pero no existía.
             Esta referencia no es "CopyLocal" porque es un archivo necesario.
         Referencia principal "System, Version=4.0.0.0, Culture=neutral, PublicKeyToken=b77a5c561934e089".
             La ruta de acceso del archivo resuelta es "C:\Program Files (x86)\Reference Assemblies\Microsoft\Framework\.NETFramework\v4.8\System.dll".
             Se encontró una referencia en la ubicación de ruta de acceso de búsqueda "{TargetFrameworkDirectory}".
                 Para SearchPath "{TargetFrameworkDirectory}".
                 Se consideró "C:\Program Files (x86)\Reference Assemblies\Microsoft\Framework\.NETFramework\v4.8\System.winmd", pero no existía.
             Esta referencia no es "CopyLocal" porque es un archivo necesario.
         Referencia principal "System.Data, Version=4.0.0.0, Culture=neutral, PublicKeyToken=b77a5c561934e089".
             La ruta de acceso del archivo resuelta es "C:\Program Files (x86)\Reference Assemblies\Microsoft\Framework\.NETFramework\v4.8\System.Data.dll".
             Se encontró una referencia en la ubicación de ruta de acceso de búsqueda "{TargetFrameworkDirectory}".
                 Para SearchPath "{TargetFrameworkDirectory}".
                 Se consideró "C:\Program Files (x86)\Reference Assemblies\Microsoft\Framework\.NETFramework\v4.8\System.Data.winmd", pero no existía.
             Esta referencia no es "CopyLocal" porque es un archivo necesario.
         Referencia principal "System.Drawing, Version=4.0.0.0, Culture=neutral, PublicKeyToken=b03f5f7f11d50a3a".
             La ruta de acceso del archivo resuelta es "C:\Program Files (x86)\Reference Assemblies\Microsoft\Framework\.NETFramework\v4.8\System.Drawing.dll".
             Se encontró una referencia en la ubicación de ruta de acceso de búsqueda "{TargetFrameworkDirectory}".
                 Para SearchPath "{TargetFrameworkDirectory}".
                 Se consideró "C:\Program Files (x86)\Reference Assemblies\Microsoft\Framework\.NETFramework\v4.8\System.Drawing.winmd", pero no existía.
             Esta referencia no es "CopyLocal" porque es un archivo necesario.
         Referencia principal "System.Xml, Version=4.0.0.0, Culture=neutral, PublicKeyToken=b77a5c561934e089".
             La ruta de acceso del archivo resuelta es "C:\Program Files (x86)\Reference Assemblies\Microsoft\Framework\.NETFramework\v4.8\System.Xml.dll".
             Se encontró una referencia en la ubicación de ruta de acceso de búsqueda "{TargetFrameworkDirectory}".
                 Para SearchPath "{TargetFrameworkDirectory}".
                 Se consideró "C:\Program Files (x86)\Reference Assemblies\Microsoft\Framework\.NETFramework\v4.8\System.Xml.winmd", pero no existía.
             Esta referencia no es "CopyLocal" porque es un archivo necesario.
         Referencia principal "System.Core, Version=4.0.0.0, Culture=neutral, PublicKeyToken=b77a5c561934e089".
             La ruta de acceso del archivo resuelta es "C:\Program Files (x86)\Reference Assemblies\Microsoft\Framework\.NETFramework\v4.8\System.Core.dll".
             Se encontró una referencia en la ubicación de ruta de acceso de búsqueda "{TargetFrameworkDirectory}".
                 Para SearchPath "{TargetFrameworkDirectory}".
                 Se consideró "C:\Program Files (x86)\Reference Assemblies\Microsoft\Framework\.NETFramework\v4.8\System.Core.winmd", pero no existía.
             Esta referencia no es "CopyLocal" porque es un archivo necesario.
         Referencia principal "System.Runtime.Serialization, Version=4.0.0.0, Culture=neutral, PublicKeyToken=b77a5c561934e089".
             La ruta de acceso del archivo resuelta es "C:\Program Files (x86)\Reference Assemblies\Microsoft\Framework\.NETFramework\v4.8\System.Runtime.Serialization.dll".
             Se encontró una referencia en la ubicación de ruta de acceso de búsqueda "{TargetFrameworkDirectory}".
                 Para SearchPath "{TargetFrameworkDirectory}".
                 Se consideró "C:\Program Files (x86)\Reference Assemblies\Microsoft\Framework\.NETFramework\v4.8\System.Runtime.Serialization.winmd", pero no existía.
             Esta referencia no es "CopyLocal" porque es un archivo necesario.
         Referencia principal "System.Xml.Linq, Version=4.0.0.0, Culture=neutral, PublicKeyToken=b77a5c561934e089".
             La ruta de acceso del archivo resuelta es "C:\Program Files (x86)\Reference Assemblies\Microsoft\Framework\.NETFramework\v4.8\System.Xml.Linq.dll".
             Se encontró una referencia en la ubicación de ruta de acceso de búsqueda "{TargetFrameworkDirectory}".
                 Para SearchPath "{TargetFrameworkDirectory}".
                 Se consideró "C:\Program Files (x86)\Reference Assemblies\Microsoft\Framework\.NETFramework\v4.8\System.Xml.Linq.winmd", pero no existía.
             Esta referencia no es "CopyLocal" porque es un archivo necesario.
         Referencia principal "System.Numerics, Version=4.0.0.0, Culture=neutral, PublicKeyToken=b77a5c561934e089".
             La ruta de acceso del archivo resuelta es "C:\Program Files (x86)\Reference Assemblies\Microsoft\Framework\.NETFramework\v4.8\System.Numerics.dll".
             Se encontró una referencia en la ubicación de ruta de acceso de búsqueda "{TargetFrameworkDirectory}".
                 Para SearchPath "{TargetFrameworkDirectory}".
                 Se consideró "C:\Program Files (x86)\Reference Assemblies\Microsoft\Framework\.NETFramework\v4.8\System.Numerics.winmd", pero no existía.
             Esta referencia no es "CopyLocal" porque es un archivo necesario.
         Referencia principal "System.IO.Compression.FileSystem, Version=4.0.0.0, Culture=neutral, PublicKeyToken=b77a5c561934e089".
             La ruta de acceso del archivo resuelta es "C:\Program Files (x86)\Reference Assemblies\Microsoft\Framework\.NETFramework\v4.8\System.IO.Compression.FileSystem.dll".
             Se encontró una referencia en la ubicación de ruta de acceso de búsqueda "{TargetFrameworkDirectory}".
                 Para SearchPath "{TargetFrameworkDirectory}".
                 Se consideró "C:\Program Files (x86)\Reference Assemblies\Microsoft\Framework\.NETFramework\v4.8\System.IO.Compression.FileSystem.winmd", pero no existía.
             Esta referencia no es "CopyLocal" porque es un archivo necesario.
         Referencia principal "System.Configuration, Version=4.0.0.0, Culture=neutral, PublicKeyToken=b03f5f7f11d50a3a".
             La ruta de acceso del archivo resuelta es "C:\Program Files (x86)\Reference Assemblies\Microsoft\Framework\.NETFramework\v4.8\System.Configuration.dll".
             Se encontró una referencia en la ubicación de ruta de acceso de búsqueda "{TargetFrameworkDirectory}".
                 Para SearchPath "{TargetFrameworkDirectory}".
                 Se consideró "C:\Program Files (x86)\Reference Assemblies\Microsoft\Framework\.NETFramework\v4.8\System.Configuration.winmd", pero no existía.
             Esta referencia no es "CopyLocal" porque existe al menos un elemento de origen con "Private" establecido en "false" y ningún elemento de origen con "Private" establecido en "true".
         Referencia principal unificada "System.IO.Compression, Version=4.2.0.0, Culture=neutral, PublicKeyToken=b77a5c561934e089".
             Se usará esta versión en lugar de la versión original "4.0.0.0" en "C:\Users\Notbanzz\.nuget\packages\nlog\5.2.8\lib\net46\NLog.dll" porque existe una versión más reciente de este archivo de .NET Framework.
             La ruta de acceso del archivo resuelta es "C:\Program Files (x86)\Reference Assemblies\Microsoft\Framework\.NETFramework\v4.8\System.IO.Compression.dll".
             Se encontró una referencia en la ubicación de ruta de acceso de búsqueda "{TargetFrameworkDirectory}".
                 Para SearchPath "{TargetFrameworkDirectory}".
                 Se consideró "C:\Program Files (x86)\Reference Assemblies\Microsoft\Framework\.NETFramework\v4.8\System.IO.Compression.winmd", pero no existía.
             Esta referencia no es "CopyLocal" porque existe al menos un elemento de origen con "Private" establecido en "false" y ningún elemento de origen con "Private" establecido en "true".
         Referencia principal "Microsoft.Bcl.AsyncInterfaces, Version=6.0.0.0, Culture=neutral, PublicKeyToken=cc7b13ffcd2ddd51".
             La ruta de acceso del archivo resuelta es "C:\Users\Notbanzz\.nuget\packages\microsoft.bcl.asyncinterfaces\6.0.0\lib\net461\Microsoft.Bcl.AsyncInterfaces.dll".
             Se encontró una referencia en la ubicación de ruta de acceso de búsqueda "{HintPathFromItem}".
             Esta referencia no es "CopyLocal" porque existe al menos un elemento de origen con "Private" establecido en "false" y ningún elemento de origen con "Private" establecido en "true".
         Referencia principal "Microsoft.Extensions.DependencyInjection, Version=6.0.0.0, Culture=neutral, PublicKeyToken=adb9793829ddae60".
             La ruta de acceso del archivo resuelta es "C:\Users\Notbanzz\.nuget\packages\microsoft.extensions.dependencyinjection\6.0.0\lib\net461\Microsoft.Extensions.DependencyInjection.dll".
             Se encontró una referencia en la ubicación de ruta de acceso de búsqueda "{HintPathFromItem}".
             Esta referencia no es "CopyLocal" porque existe al menos un elemento de origen con "Private" establecido en "false" y ningún elemento de origen con "Private" establecido en "true".
         Referencia principal "Microsoft.Extensions.DependencyInjection.Abstractions, Version=6.0.0.0, Culture=neutral, PublicKeyToken=adb9793829ddae60".
             La ruta de acceso del archivo resuelta es "C:\Users\Notbanzz\.nuget\packages\microsoft.extensions.dependencyinjection.abstractions\6.0.0\lib\net461\Microsoft.Extensions.DependencyInjection.Abstractions.dll".
             Se encontró una referencia en la ubicación de ruta de acceso de búsqueda "{HintPathFromItem}".
             Esta referencia no es "CopyLocal" porque existe al menos un elemento de origen con "Private" establecido en "false" y ningún elemento de origen con "Private" establecido en "true".
         Referencia principal "Newtonsoft.Json, Version=13.0.0.0, Culture=neutral, PublicKeyToken=30ad4fe6b2a6aeed".
             La ruta de acceso del archivo resuelta es "C:\Users\Notbanzz\.nuget\packages\newtonsoft.json\13.0.3\lib\net45\Newtonsoft.Json.dll".
             Se encontró una referencia en la ubicación de ruta de acceso de búsqueda "{HintPathFromItem}".
             Esta referencia no es "CopyLocal" porque existe al menos un elemento de origen con "Private" establecido en "false" y ningún elemento de origen con "Private" establecido en "true".
         Referencia principal "NLog, Version=5.0.0.0, Culture=neutral, PublicKeyToken=5120e14c03d0593c".
             La ruta de acceso del archivo resuelta es "C:\Users\Notbanzz\.nuget\packages\nlog\5.2.8\lib\net46\NLog.dll".
             Se encontró una referencia en la ubicación de ruta de acceso de búsqueda "{HintPathFromItem}".
             Esta referencia no es "CopyLocal" porque existe al menos un elemento de origen con "Private" establecido en "false" y ningún elemento de origen con "Private" establecido en "true".
         Referencia principal "System.Buffers, Version=4.0.3.0, Culture=neutral, PublicKeyToken=cc7b13ffcd2ddd51".
             La ruta de acceso del archivo resuelta es "C:\Users\Notbanzz\.nuget\packages\system.buffers\4.5.1\ref\net45\System.Buffers.dll".
             Se encontró una referencia en la ubicación de ruta de acceso de búsqueda "{HintPathFromItem}".
             Esta referencia no es "CopyLocal" porque existe al menos un elemento de origen con "Private" establecido en "false" y ningún elemento de origen con "Private" establecido en "true".
         Referencia principal "System.Memory, Version=4.0.1.1, Culture=neutral, PublicKeyToken=cc7b13ffcd2ddd51".
             La ruta de acceso del archivo resuelta es "C:\Users\Notbanzz\.nuget\packages\system.memory\4.5.4\lib\net461\System.Memory.dll".
             Se encontró una referencia en la ubicación de ruta de acceso de búsqueda "{HintPathFromItem}".
             Esta referencia no es "CopyLocal" porque existe al menos un elemento de origen con "Private" establecido en "false" y ningún elemento de origen con "Private" establecido en "true".
         Referencia principal "System.Numerics.Vectors, Version=4.1.4.0, Culture=neutral, PublicKeyToken=b03f5f7f11d50a3a".
             La ruta de acceso del archivo resuelta es "C:\Users\Notbanzz\.nuget\packages\system.numerics.vectors\4.5.0\ref\net46\System.Numerics.Vectors.dll".
             Se encontró una referencia en la ubicación de ruta de acceso de búsqueda "{HintPathFromItem}".
             Esta referencia no es "CopyLocal" porque existe al menos un elemento de origen con "Private" establecido en "false" y ningún elemento de origen con "Private" establecido en "true".
         Referencia principal "System.Resources.Extensions, Version=6.0.0.0, Culture=neutral, PublicKeyToken=cc7b13ffcd2ddd51".
             La ruta de acceso del archivo resuelta es "C:\Users\Notbanzz\.nuget\packages\system.resources.extensions\6.0.0\lib\net461\System.Resources.Extensions.dll".
             Se encontró una referencia en la ubicación de ruta de acceso de búsqueda "{HintPathFromItem}".
             Esta referencia no es "CopyLocal" porque existe al menos un elemento de origen con "Private" establecido en "false" y ningún elemento de origen con "Private" establecido en "true".
         Referencia principal unificada "System.Runtime.CompilerServices.Unsafe, Version=6.0.0.0, Culture=neutral, PublicKeyToken=b03f5f7f11d50a3a".
             Se usará esta versión en lugar de la versión original "4.0.4.1" en "C:\Users\Notbanzz\.nuget\packages\system.memory\4.5.4\lib\net461\System.Memory.dll" porque AutoUnify es 'true'.
             Se usará esta versión en lugar de la versión original "4.0.4.1" en "C:\Users\Notbanzz\.nuget\packages\system.threading.tasks.extensions\4.5.4\lib\net461\System.Threading.Tasks.Extensions.dll" porque AutoUnify es 'true'.
             La ruta de acceso del archivo resuelta es "C:\Users\Notbanzz\.nuget\packages\system.runtime.compilerservices.unsafe\6.0.0\lib\net461\System.Runtime.CompilerServices.Unsafe.dll".
             Se encontró una referencia en la ubicación de ruta de acceso de búsqueda "{HintPathFromItem}".
             Esta referencia no es "CopyLocal" porque existe al menos un elemento de origen con "Private" establecido en "false" y ningún elemento de origen con "Private" establecido en "true".
         Referencia principal "System.Threading.Tasks.Extensions, Version=4.2.0.1, Culture=neutral, PublicKeyToken=cc7b13ffcd2ddd51".
             La ruta de acceso del archivo resuelta es "C:\Users\Notbanzz\.nuget\packages\system.threading.tasks.extensions\4.5.4\lib\net461\System.Threading.Tasks.Extensions.dll".
             Se encontró una referencia en la ubicación de ruta de acceso de búsqueda "{HintPathFromItem}".
             Esta referencia no es "CopyLocal" porque existe al menos un elemento de origen con "Private" establecido en "false" y ningún elemento de origen con "Private" establecido en "true".
       Ejecución de la tarea "ResolveAssemblyReference" terminada.
   1:7>Compilación terminada del destino "ResolveAssemblyReferences" en el proyecto "NoFences.csproj".
       Se omitió el destino "_ErrorOnUnresolvedWindowsSDKAssemblyConflict" debido a una condición falsa (False); ( '@(ResolveAssemblyReferenceUnresolvedAssemblyConflicts)' != '' ) se evaluó como ( '' != '' ).
       Se omitió el destino "ResolveAssemblyReferences". Compilado previamente de forma correcta.
   1:7>Destino "_GenerateSuggestedBindingRedirectsCache" en el archivo "C:\Program Files\dotnet\sdk\9.0.201\Microsoft.Common.CurrentVersion.targets" del proyecto "D:\PROGRAMAS_MIOS\NoFences\NoFences\NoFences.csproj" (el destino "GenerateBindingRedirects" depende de él):
       Usando la tarea "Hash" del ensamblado "Microsoft.Build.Tasks.Core, Version=15.1.0.0, Culture=neutral, PublicKeyToken=b03f5f7f11d50a3a".
       Tarea "Hash"
       Ejecución de la tarea "Hash" terminada.
       Usando la tarea "WriteLinesToFile" del ensamblado "Microsoft.Build.Tasks.Core, Version=15.1.0.0, Culture=neutral, PublicKeyToken=b03f5f7f11d50a3a".
       Tarea "WriteLinesToFile"
         Omitiendo la escritura en el archivo "obj\Debug\net48\NoFences.csproj.SuggestedBindingRedirects.cache" porque el contenido no cambiará.
       Ejecución de la tarea "WriteLinesToFile" terminada.
   1:7>Compilación terminada del destino "_GenerateSuggestedBindingRedirectsCache" en el proyecto "NoFences.csproj".
       Se omitió el destino "ResolveAssemblyReferences". Compilado previamente de forma correcta.
   1:7>Destino "_RemoveZipFileSuggestedRedirect" en el archivo "C:\Program Files\dotnet\sdk\9.0.201\Microsoft\Microsoft.NET.Build.Extensions\Microsoft.NET.Build.Extensions.NETFramework.targets" del proyecto "D:\PROGRAMAS_MIOS\NoFences\NoFences\NoFences.csproj" (el destino "GenerateBindingRedirects" depende de él):
   1:7>Compilación terminada del destino "_RemoveZipFileSuggestedRedirect" en el proyecto "NoFences.csproj".
       Se omitió el destino "PrepareForBuild". Compilado previamente de forma correcta.
   1:7>Destino "_WriteAppConfigWithSupportedRuntime" en el archivo "C:\Program Files\dotnet\sdk\9.0.201\Sdks\Microsoft.NET.Sdk\targets\Microsoft.NET.GenerateSupportedRuntime.targets" del proyecto "D:\PROGRAMAS_MIOS\NoFences\NoFences\NoFences.csproj" (el destino "GenerateSupportedRuntime" depende de él):
       Se omitirá el destino "_WriteAppConfigWithSupportedRuntime" porque todos los archivos de salida están actualizados respecto a los archivos de entrada.
       Archivos de entrada: 
           App.config
           D:\PROGRAMAS_MIOS\NoFences\NoFences\Directory.Build.props
           C:\Program Files\dotnet\sdk\9.0.201\Current\Microsoft.Common.targets\ImportAfter\Microsoft.TestPlatform.ImportAfter.targets
       Archivos de salida: obj\Debug\net48\NoFences.exe.withSupportedRuntime.config
   1:7>Compilación terminada del destino "_WriteAppConfigWithSupportedRuntime" en el proyecto "NoFences.csproj".
   1:7>Destino "GenerateSupportedRuntime" en el archivo "C:\Program Files\dotnet\sdk\9.0.201\Sdks\Microsoft.NET.Sdk\targets\Microsoft.NET.GenerateSupportedRuntime.targets" del proyecto "D:\PROGRAMAS_MIOS\NoFences\NoFences\NoFences.csproj" (el destino "GenerateBindingRedirects" depende de él):
       Usando la tarea "SetGeneratedAppConfigMetadata" del ensamblado "C:\Program Files\dotnet\sdk\9.0.201\Sdks\Microsoft.NET.Sdk\targets\..\tools\net9.0\Microsoft.NET.Build.Tasks.dll".
       Tarea "SetGeneratedAppConfigMetadata"
       Ejecución de la tarea "SetGeneratedAppConfigMetadata" terminada.
   1:7>Compilación terminada del destino "GenerateSupportedRuntime" en el proyecto "NoFences.csproj".
   1:7>Destino "GenerateBindingRedirects" en el archivo "C:\Program Files\dotnet\sdk\9.0.201\Microsoft.Common.CurrentVersion.targets" del proyecto "D:\PROGRAMAS_MIOS\NoFences\NoFences\NoFences.csproj" (el destino "ResolveReferences" depende de él):
       Compilando completamente el destino "GenerateBindingRedirects".
       El archivo de entrada "obj\Debug\net48\NoFences.exe.withSupportedRuntime.config" es más reciente que el archivo de salida "obj\Debug\net48\NoFences.exe.config".
       Usando la tarea "GenerateBindingRedirects" del ensamblado "Microsoft.Build.Tasks.Core, Version=15.1.0.0, Culture=neutral, PublicKeyToken=b03f5f7f11d50a3a".
       Tarea "GenerateBindingRedirects"
         Procesando la redirección de enlace sugerida en "System.Resources.Extensions, Culture=neutral, PublicKeyToken=cc7b13ffcd2ddd51" con MaxVersion "6.0.0.0".
         Procesando la redirección de enlace sugerida en "System.Runtime.CompilerServices.Unsafe, Culture=neutral, PublicKeyToken=b03f5f7f11d50a3a" con MaxVersion "6.0.0.0".
       Ejecución de la tarea "GenerateBindingRedirects" terminada.
   1:7>Compilación terminada del destino "GenerateBindingRedirects" en el proyecto "NoFences.csproj".
   1:7>Destino "GenerateBindingRedirectsUpdateAppConfig" en el archivo "C:\Program Files\dotnet\sdk\9.0.201\Microsoft.Common.CurrentVersion.targets" del proyecto "D:\PROGRAMAS_MIOS\NoFences\NoFences\NoFences.csproj" (el destino "ResolveReferences" depende de él):
   1:7>Compilación terminada del destino "GenerateBindingRedirectsUpdateAppConfig" en el proyecto "NoFences.csproj".
       Se omitió el destino "ResolveComReferences" debido a una condición falsa (False); ('@(COMReference)'!='' or '@(COMFileReference)'!='') se evaluó como (''!='' or ''!='').
   1:7>Destino "AfterResolveReferences" en el archivo "C:\Program Files\dotnet\sdk\9.0.201\Microsoft.Common.CurrentVersion.targets" del proyecto "D:\PROGRAMAS_MIOS\NoFences\NoFences\NoFences.csproj" (el destino "ResolveReferences" depende de él):
   1:7>Compilación terminada del destino "AfterResolveReferences" en el proyecto "NoFences.csproj".
       Se omitió el destino "GetReferenceAssemblyPaths". Compilado previamente de forma correcta.
   1:7>Destino "ImplicitlyExpandDesignTimeFacades" en el archivo "C:\Program Files\dotnet\sdk\9.0.201\Microsoft.NETFramework.CurrentVersion.targets" del proyecto "D:\PROGRAMAS_MIOS\NoFences\NoFences\NoFences.csproj" (el destino "ResolveReferences" depende de él):
   1:7>Compilación terminada del destino "ImplicitlyExpandDesignTimeFacades" en el proyecto "NoFences.csproj".
   1:7>Destino "ResolveReferences" en el archivo "C:\Program Files\dotnet\sdk\9.0.201\Microsoft.Common.CurrentVersion.targets" del proyecto "D:\PROGRAMAS_MIOS\NoFences\NoFences\NoFences.csproj" (el destino "CoreBuild" depende de él):
   1:7>Compilación terminada del destino "ResolveReferences" en el proyecto "NoFences.csproj".
       Se omitió el destino "ResolvePackageDependenciesForBuild". Compilado previamente de forma correcta.
       Se omitió el destino "_HandlePackageFileConflicts". Compilado previamente de forma correcta.
   1:7>Destino "CopyAdditionalFiles" en el archivo "C:\Program Files\dotnet\sdk\9.0.201\Roslyn\Microsoft.Managed.Core.targets" del proyecto "D:\PROGRAMAS_MIOS\NoFences\NoFences\NoFences.csproj" (el destino "AssignTargetPaths" depende de él):
   1:7>Compilación terminada del destino "CopyAdditionalFiles" en el proyecto "NoFences.csproj".
       Se omitió el destino "_ComputeNETCoreBuildOutputFiles" debido a una condición falsa (False); ('$(ComputeNETCoreBuildOutputFiles)' == 'true') se evaluó como ('' == 'true').
   1:7>Destino "AssignTargetPaths" en el archivo "C:\Program Files\dotnet\sdk\9.0.201\Microsoft.Common.CurrentVersion.targets" del proyecto "D:\PROGRAMAS_MIOS\NoFences\NoFences\NoFences.csproj" (el destino "PrepareResourceNames" depende de él):
       Usando la tarea "AssignTargetPath" del ensamblado "Microsoft.Build.Tasks.Core, Version=15.1.0.0, Culture=neutral, PublicKeyToken=b03f5f7f11d50a3a".
       Tarea "AssignTargetPath"
       Ejecución de la tarea "AssignTargetPath" terminada.
       Tarea "AssignTargetPath"
       Ejecución de la tarea "AssignTargetPath" terminada.
       Tarea "AssignTargetPath"
       Ejecución de la tarea "AssignTargetPath" terminada.
       Tarea "AssignTargetPath"
       Ejecución de la tarea "AssignTargetPath" terminada.
       Se omitió la tarea "AssignTargetPath" debido a una condición falsa (False); ('@(_DeploymentBaseManifestWithTargetPath)'=='' and '%(None.Extension)'=='.manifest') se evaluó como (''=='' and '.config'=='.manifest').
       Tarea "AssignTargetPath"
       Ejecución de la tarea "AssignTargetPath" terminada.
       Se omitió la tarea "AssignTargetPath" debido a una condición falsa (False); ('@(_DeploymentBaseManifestWithTargetPath)'=='' and '%(None.Extension)'=='.manifest') se evaluó como (''=='' and '.log'=='.manifest').
       Se omitió la tarea "AssignTargetPath" debido a una condición falsa (False); ('@(_DeploymentBaseManifestWithTargetPath)'=='' and '%(None.Extension)'=='.manifest') se evaluó como (''=='' and '.props'=='.manifest').
       Se omitió la tarea "AssignTargetPath" debido a una condición falsa (False); ('@(_DeploymentBaseManifestWithTargetPath)'=='' and '%(None.Extension)'=='.manifest') se evaluó como (''=='' and '.bak'=='.manifest').
       Se omitió la tarea "AssignTargetPath" debido a una condición falsa (False); ('@(_DeploymentBaseManifestWithTargetPath)'=='' and '%(None.Extension)'=='.manifest') se evaluó como (''=='' and '.settings'=='.manifest').
   1:7>Compilación terminada del destino "AssignTargetPaths" en el proyecto "NoFences.csproj".
       Se omitió el destino "AssignTargetPaths". Compilado previamente de forma correcta.
   1:7>Destino "SplitResourcesByCulture" en el archivo "C:\Program Files\dotnet\sdk\9.0.201\Microsoft.Common.CurrentVersion.targets" del proyecto "D:\PROGRAMAS_MIOS\NoFences\NoFences\NoFences.csproj" (el destino "PrepareResourceNames" depende de él):
       Se omitió la tarea "MSBuildInternalMessage" debido a una condición falsa (False); ('@(ResxWithNoCulture)'!='') se evaluó como (''!='').
       Se omitió la tarea "MSBuildInternalMessage" debido a una condición falsa (False); ('@(ResxWithCulture)'!='') se evaluó como (''!='').
       Se omitió la tarea "MSBuildInternalMessage" debido a una condición falsa (False); ('@(NonResxWithCulture)'!='') se evaluó como (''!='').
       Se omitió la tarea "MSBuildInternalMessage" debido a una condición falsa (False); ('@(NonResxWithNoCulture)'!='') se evaluó como (''!='').
       Usando la tarea "AssignCulture" del ensamblado "Microsoft.Build.Tasks.Core, Version=15.1.0.0, Culture=neutral, PublicKeyToken=b03f5f7f11d50a3a".
       Tarea "AssignCulture"
         La referencia cultural "cs" se asignó al archivo "EditDialog.cs.resx".
         La referencia cultural "" se asignó al archivo "EditDialog.resx".
         La referencia cultural "zh-CN" se asignó al archivo "EditDialog.zh-CN.resx".
         La referencia cultural "cs" se asignó al archivo "FenceWindow.cs.resx".
         La referencia cultural "" se asignó al archivo "FenceWindow.resx".
         La referencia cultural "zh-CN" se asignó al archivo "FenceWindow.zh-CN.resx".
         La referencia cultural "cs" se asignó al archivo "HeightDialog.cs.resx".
         La referencia cultural "" se asignó al archivo "HeightDialog.resx".
         La referencia cultural "zh-CN" se asignó al archivo "HeightDialog.zh-CN.resx".
         La referencia cultural "" se asignó al archivo "Properties\Resources.resx".
       Ejecución de la tarea "AssignCulture" terminada.
   1:7>Compilación terminada del destino "SplitResourcesByCulture" en el proyecto "NoFences.csproj".
   1:7>Destino "CreateManifestResourceNames" en el archivo "C:\Program Files\dotnet\sdk\9.0.201\Microsoft.CSharp.CurrentVersion.targets" del proyecto "D:\PROGRAMAS_MIOS\NoFences\NoFences\NoFences.csproj" (el destino "PrepareResourceNames" depende de él):
       Usando la tarea "CreateCSharpManifestResourceName" del ensamblado "Microsoft.Build.Tasks.Core, Version=15.1.0.0, Culture=neutral, PublicKeyToken=b03f5f7f11d50a3a".
       Tarea "CreateCSharpManifestResourceName"
         El espacio de nombres de la raíz es 'NoFences'.
         El archivo de recursos 'EditDialog.resx' no depende de ningún otro archivo.
         El archivo de recursos 'EditDialog.resx' obtiene el nombre del recurso de manifiesto 'NoFences.EditDialog'.
         El archivo de recursos 'FenceWindow.resx' no depende de ningún otro archivo.
         El archivo de recursos 'FenceWindow.resx' obtiene el nombre del recurso de manifiesto 'NoFences.FenceWindow'.
         El archivo de recursos 'HeightDialog.resx' no depende de ningún otro archivo.
         El archivo de recursos 'HeightDialog.resx' obtiene el nombre del recurso de manifiesto 'NoFences.HeightDialog'.
         El archivo de recursos 'Properties\Resources.resx' no depende de ningún otro archivo.
         El archivo de recursos 'Properties\Resources.resx' obtiene el nombre del recurso de manifiesto 'NoFences.Properties.Resources'.
       Ejecución de la tarea "CreateCSharpManifestResourceName" terminada.
       Tarea "CreateCSharpManifestResourceName"
         El espacio de nombres de la raíz es 'NoFences'.
         El archivo de recursos 'EditDialog.cs.resx' no depende de ningún otro archivo.
         El archivo de recursos 'EditDialog.cs.resx' obtiene el nombre del recurso de manifiesto 'NoFences.EditDialog.cs'.
         El archivo de recursos 'EditDialog.zh-CN.resx' no depende de ningún otro archivo.
         El archivo de recursos 'EditDialog.zh-CN.resx' obtiene el nombre del recurso de manifiesto 'NoFences.EditDialog.zh-CN'.
         El archivo de recursos 'FenceWindow.cs.resx' no depende de ningún otro archivo.
         El archivo de recursos 'FenceWindow.cs.resx' obtiene el nombre del recurso de manifiesto 'NoFences.FenceWindow.cs'.
         El archivo de recursos 'FenceWindow.zh-CN.resx' no depende de ningún otro archivo.
         El archivo de recursos 'FenceWindow.zh-CN.resx' obtiene el nombre del recurso de manifiesto 'NoFences.FenceWindow.zh-CN'.
         El archivo de recursos 'HeightDialog.cs.resx' no depende de ningún otro archivo.
         El archivo de recursos 'HeightDialog.cs.resx' obtiene el nombre del recurso de manifiesto 'NoFences.HeightDialog.cs'.
         El archivo de recursos 'HeightDialog.zh-CN.resx' no depende de ningún otro archivo.
         El archivo de recursos 'HeightDialog.zh-CN.resx' obtiene el nombre del recurso de manifiesto 'NoFences.HeightDialog.zh-CN'.
       Ejecución de la tarea "CreateCSharpManifestResourceName" terminada.
       Se omitió la tarea "CreateCSharpManifestResourceName" debido a una condición falsa (False); ('%(EmbeddedResource.ManifestResourceName)' == '' and '%(EmbeddedResource.WithCulture)' == 'true' and '%(EmbeddedResource.Type)' == 'Non-Resx') se evaluó como ('' == '' and 'false' == 'true' and 'Resx' == 'Non-Resx').
       Se omitió la tarea "CreateCSharpManifestResourceName" debido a una condición falsa (False); ('%(EmbeddedResource.ManifestResourceName)' == '' and '%(EmbeddedResource.WithCulture)' == 'true' and '%(EmbeddedResource.Type)' == 'Non-Resx') se evaluó como ('' == '' and 'true' == 'true' and 'Resx' == 'Non-Resx').
   1:7>Compilación terminada del destino "CreateManifestResourceNames" en el proyecto "NoFences.csproj".
   1:7>Destino "CreateCustomManifestResourceNames" en el archivo "C:\Program Files\dotnet\sdk\9.0.201\Microsoft.Common.CurrentVersion.targets" del proyecto "D:\PROGRAMAS_MIOS\NoFences\NoFences\NoFences.csproj" (el destino "PrepareResourceNames" depende de él):
   1:7>Compilación terminada del destino "CreateCustomManifestResourceNames" en el proyecto "NoFences.csproj".
   1:7>Destino "PrepareResourceNames" en el archivo "C:\Program Files\dotnet\sdk\9.0.201\Microsoft.Common.CurrentVersion.targets" del proyecto "D:\PROGRAMAS_MIOS\NoFences\NoFences\NoFences.csproj" (el destino "PrepareResources" depende de él):
   1:7>Compilación terminada del destino "PrepareResourceNames" en el proyecto "NoFences.csproj".
       Se omitió el destino "ResolveAssemblyReferences". Compilado previamente de forma correcta.
       Se omitió el destino "SplitResourcesByCulture". Compilado previamente de forma correcta.
   1:7>Destino "BeforeResGen" en el archivo "C:\Program Files\dotnet\sdk\9.0.201\Microsoft.Common.CurrentVersion.targets" del proyecto "D:\PROGRAMAS_MIOS\NoFences\NoFences\NoFences.csproj" (el destino "ResGen" depende de él):
   1:7>Compilación terminada del destino "BeforeResGen" en el proyecto "NoFences.csproj".
       Se omitió el destino "ResolveReferences". Compilado previamente de forma correcta.
   1:7>Destino "FindReferenceAssembliesForReferences" en el archivo "C:\Program Files\dotnet\sdk\9.0.201\Microsoft.Common.CurrentVersion.targets" del proyecto "D:\PROGRAMAS_MIOS\NoFences\NoFences\NoFences.csproj" (el destino "CoreResGen" depende de él):
   1:7>Compilación terminada del destino "FindReferenceAssembliesForReferences" en el proyecto "NoFences.csproj".
   1:7>Destino "CoreResGen" en el archivo "C:\Program Files\dotnet\sdk\9.0.201\Microsoft.Common.CurrentVersion.targets" del proyecto "D:\PROGRAMAS_MIOS\NoFences\NoFences\NoFences.csproj" (el destino "ResGen" depende de él):
       Usando la tarea "GenerateResource" del ensamblado "Microsoft.Build.Tasks.Core, Version=15.1.0.0, Culture=neutral, PublicKeyToken=b03f5f7f11d50a3a".
       Tarea "GenerateResource"
         No hay ningún recurso obsoleto con respecto a sus archivos de origen. Se omitirá la generación de recursos.
       Ejecución de la tarea "GenerateResource" terminada.
       Se omitió la tarea "GenerateResource" debido a una condición falsa (False); ('%(EmbeddedResource.Type)' == 'Resx' and '%(EmbeddedResource.GenerateResource)' != 'false' and '$(GenerateResourceMSBuildRuntime)' == 'CLR2') se evaluó como ('Resx' == 'Resx' and '' != 'false' and 'CurrentRuntime' == 'CLR2').
   1:7>Compilación terminada del destino "CoreResGen" en el proyecto "NoFences.csproj".
   1:7>Destino "AfterResGen" en el archivo "C:\Program Files\dotnet\sdk\9.0.201\Microsoft.Common.CurrentVersion.targets" del proyecto "D:\PROGRAMAS_MIOS\NoFences\NoFences\NoFences.csproj" (el destino "ResGen" depende de él):
   1:7>Compilación terminada del destino "AfterResGen" en el proyecto "NoFences.csproj".
   1:7>Destino "ResGen" en el archivo "C:\Program Files\dotnet\sdk\9.0.201\Microsoft.Common.CurrentVersion.targets" del proyecto "D:\PROGRAMAS_MIOS\NoFences\NoFences\NoFences.csproj" (el destino "PrepareResources" depende de él):
   1:7>Compilación terminada del destino "ResGen" en el proyecto "NoFences.csproj".
       Se omitió el destino "CompileLicxFiles" debido a una condición falsa (False); ('@(_LicxFile)'!='') se evaluó como (''!='').
   1:7>Destino "PrepareResources" en el archivo "C:\Program Files\dotnet\sdk\9.0.201\Microsoft.Common.CurrentVersion.targets" del proyecto "D:\PROGRAMAS_MIOS\NoFences\NoFences\NoFences.csproj" (el destino "CoreBuild" depende de él):
   1:7>Compilación terminada del destino "PrepareResources" en el proyecto "NoFences.csproj".
       Se omitió el destino "ResolveKeySource" debido a una condición falsa (False); ($(SignManifests) == 'true' or $(SignAssembly) == 'true') se evaluó como ( == 'true' or false == 'true').
       Se omitió el destino "ResolveReferences". Compilado previamente de forma correcta.
       Se omitió el destino "ResolveKeySource" debido a una condición falsa (False); ($(SignManifests) == 'true' or $(SignAssembly) == 'true') se evaluó como ( == 'true' or false == 'true').
       Se omitió el destino "ResolveComReferences" debido a una condición falsa (False); ('@(COMReference)'!='' or '@(COMFileReference)'!='') se evaluó como (''!='' or ''!='').
       Se omitió el destino "ResolveNativeReferences" debido a una condición falsa (False); ('@(NativeReference)'!='') se evaluó como (''!='').
       Se omitió el destino "_SetExternalWin32ManifestProperties" debido a una condición falsa (False); ('$(GenerateClickOnceManifests)'=='true' or '@(NativeReference)'!='' or '@(ResolvedIsolatedComModules)'!='') se evaluó como (''=='true' or ''!='' or ''!='').
   1:7>Destino "_SetEmbeddedWin32ManifestProperties" en el archivo "C:\Program Files\dotnet\sdk\9.0.201\Microsoft.Common.CurrentVersion.targets" del proyecto "D:\PROGRAMAS_MIOS\NoFences\NoFences\NoFences.csproj" (el destino "SetWin32ManifestProperties" depende de él):
       Se omitió la tarea "GetFrameworkPath" debido a una condición falsa (False); ('$(ApplicationManifest)'=='' and '$(NoWin32Manifest)'!='true' and '$(PreferNativeArm64)' != 'true') se evaluó como ('app.manifest'=='' and ''!='true' and 'false' != 'true').
   1:7>Compilación terminada del destino "_SetEmbeddedWin32ManifestProperties" en el proyecto "NoFences.csproj".
   1:7>Destino "SetWin32ManifestProperties" en el archivo "C:\Program Files\dotnet\sdk\9.0.201\Microsoft.Common.CurrentVersion.targets" del proyecto "D:\PROGRAMAS_MIOS\NoFences\NoFences\NoFences.csproj" (el destino "Compile" depende de él):
   1:7>Compilación terminada del destino "SetWin32ManifestProperties" en el proyecto "NoFences.csproj".
       Se omitió el destino "_SetPreferNativeArm64Win32ManifestProperties" debido a una condición falsa (False); ( '$(PreferNativeArm64)'=='true' and '$(NoWin32Manifest)'!='true') se evaluó como ( 'false'=='true' and ''!='true').
       Se omitió el destino "FindReferenceAssembliesForReferences". Compilado previamente de forma correcta.
   1:7>Destino "_GenerateCompileInputs" en el archivo "C:\Program Files\dotnet\sdk\9.0.201\Microsoft.Common.CurrentVersion.targets" del proyecto "D:\PROGRAMAS_MIOS\NoFences\NoFences\NoFences.csproj" (el destino "Compile" depende de él):
       Se omitió la tarea "MSBuildInternalMessage" debido a una condición falsa (False); ('@(ManifestResourceWithNoCulture)'!='' and '%(ManifestResourceWithNoCulture.EmittedForCompatibilityOnly)'=='') se evaluó como ('obj\Debug\net48\NoFences.EditDialog.resources;obj\Debug\net48\NoFences.FenceWindow.resources;obj\Debug\net48\NoFences.HeightDialog.resources;...'!='' and 'true'=='').
       Se omitió la tarea "MSBuildInternalMessage" debido a una condición falsa (False); ('@(ManifestNonResxWithNoCultureOnDisk)'!='' and '%(ManifestNonResxWithNoCultureOnDisk.EmittedForCompatibilityOnly)'=='') se evaluó como (''!='' and ''=='').
   1:7>Compilación terminada del destino "_GenerateCompileInputs" en el proyecto "NoFences.csproj".
       Se omitió el destino "GenerateTargetPlatformDefineConstants" debido a una condición falsa (False); ( '$(DisableImplicitFrameworkDefines)' != 'true' and '$(TargetPlatformIdentifier)' != '' and '$(TargetFrameworkIdentifier)' == '.NETCoreApp' and $([MSBuild]::VersionGreaterThanOrEquals($(TargetFrameworkVersion), 5.0)) ) se evaluó como ( '' != 'true' and 'Windows' != '' and '.NETFramework' == '.NETCoreApp' and False ).
   1:7>Destino "GenerateNETCompatibleDefineConstants" en el archivo "C:\Program Files\dotnet\sdk\9.0.201\Sdks\Microsoft.NET.Sdk\targets\Microsoft.NET.Sdk.BeforeCommon.targets" del proyecto "D:\PROGRAMAS_MIOS\NoFences\NoFences\NoFences.csproj" (el destino "AddImplicitDefineConstants" depende de él):
   1:7>Compilación terminada del destino "GenerateNETCompatibleDefineConstants" en el proyecto "NoFences.csproj".
       Se omitió el destino "GeneratePlatformCompatibleDefineConstants" debido a una condición falsa (False); ( '$(DisableImplicitFrameworkDefines)' != 'true' and '$(TargetPlatformIdentifier)' != '' and '$(TargetFrameworkIdentifier)' == '.NETCoreApp' and $([MSBuild]::VersionGreaterThanOrEquals($(TargetFrameworkVersion), 5.0)) ) se evaluó como ( '' != 'true' and 'Windows' != '' and '.NETFramework' == '.NETCoreApp' and False ).
       Se omitió el destino "_DisableDiagnosticTracing" debido a una condición falsa (False); ('$(DisableDiagnosticTracing)' == 'true') se evaluó como ('' == 'true').
   1:7>Destino "AddImplicitDefineConstants" en el archivo "C:\Program Files\dotnet\sdk\9.0.201\Sdks\Microsoft.NET.Sdk\targets\Microsoft.NET.Sdk.BeforeCommon.targets" del proyecto "D:\PROGRAMAS_MIOS\NoFences\NoFences\NoFences.csproj" (el destino "BeforeCompile" depende de él):
   1:7>Compilación terminada del destino "AddImplicitDefineConstants" en el proyecto "NoFences.csproj".
       Se omitió el destino "PrepareForBuild". Compilado previamente de forma correcta.
   1:7>Destino "GenerateMSBuildEditorConfigFileShouldRun" en el archivo "C:\Program Files\dotnet\sdk\9.0.201\Roslyn\Microsoft.Managed.Core.targets" del proyecto "D:\PROGRAMAS_MIOS\NoFences\NoFences\NoFences.csproj" (el destino "GenerateMSBuildEditorConfigFile" depende de él):
   1:7>Compilación terminada del destino "GenerateMSBuildEditorConfigFileShouldRun" en el proyecto "NoFences.csproj".
   1:7>Destino "AddGlobalAnalyzerConfigForPackage_MicrosoftCodeAnalysisCSharpCodeStyle" en el archivo "C:\Program Files\dotnet\sdk\9.0.201\Sdks\Microsoft.NET.Sdk\codestyle\cs\build\Microsoft.CodeAnalysis.CSharp.CodeStyle.targets" del proyecto "D:\PROGRAMAS_MIOS\NoFences\NoFences\NoFences.csproj" (el destino "GenerateMSBuildEditorConfigFileCore" depende de él):
   1:7>Compilación terminada del destino "AddGlobalAnalyzerConfigForPackage_MicrosoftCodeAnalysisCSharpCodeStyle" en el proyecto "NoFences.csproj".
   1:7>Destino "GenerateMSBuildEditorConfigFileCore" en el archivo "C:\Program Files\dotnet\sdk\9.0.201\Roslyn\Microsoft.Managed.Core.targets" del proyecto "D:\PROGRAMAS_MIOS\NoFences\NoFences\NoFences.csproj" (el destino "GenerateMSBuildEditorConfigFile" depende de él):
       Compilando completamente el destino "GenerateMSBuildEditorConfigFileCore".
       No se especificaron archivos de entrada.
       Usando la tarea "GenerateMSBuildEditorConfig" del ensamblado "C:\Program Files\dotnet\sdk\9.0.201\Roslyn\Microsoft.Build.Tasks.CodeAnalysis.dll".
       Tarea "GenerateMSBuildEditorConfig"
       Ejecución de la tarea "GenerateMSBuildEditorConfig" terminada.
   1:7>Compilación terminada del destino "GenerateMSBuildEditorConfigFileCore" en el proyecto "NoFences.csproj".
   1:7>Destino "GenerateMSBuildEditorConfigFile" en el archivo "C:\Program Files\dotnet\sdk\9.0.201\Roslyn\Microsoft.Managed.Core.targets" del proyecto "D:\PROGRAMAS_MIOS\NoFences\NoFences\NoFences.csproj" (el destino "BeforeCompile" depende de él):
   1:7>Compilación terminada del destino "GenerateMSBuildEditorConfigFile" en el proyecto "NoFences.csproj".
       Se omitió el destino "PrepareForBuild". Compilado previamente de forma correcta.
       Se omitió el destino "GetReferenceAssemblyPaths". Compilado previamente de forma correcta.
   1:7>Destino "_SetTargetFrameworkMonikerAttribute" en el archivo "C:\Program Files\dotnet\sdk\9.0.201\Microsoft.CSharp.CurrentVersion.targets" del proyecto "D:\PROGRAMAS_MIOS\NoFences\NoFences\NoFences.csproj" (el destino "GenerateTargetFrameworkMonikerAttribute" depende de él):
   1:7>Compilación terminada del destino "_SetTargetFrameworkMonikerAttribute" en el proyecto "NoFences.csproj".
   1:7>Destino "GenerateTargetFrameworkMonikerAttribute" en el archivo "C:\Program Files\dotnet\sdk\9.0.201\Microsoft.Common.CurrentVersion.targets" del proyecto "D:\PROGRAMAS_MIOS\NoFences\NoFences\NoFences.csproj" (el destino "BeforeCompile" depende de él):
       Se omitirá el destino "GenerateTargetFrameworkMonikerAttribute" porque todos los archivos de salida están actualizados respecto a los archivos de entrada.
       Archivos de entrada: C:\Program Files\dotnet\sdk\9.0.201\Microsoft.Common.targets
       Archivos de salida: obj\Debug\net48\.NETFramework,Version=v4.8.AssemblyAttributes.cs
   1:7>Compilación terminada del destino "GenerateTargetFrameworkMonikerAttribute" en el proyecto "NoFences.csproj".
       Se omitió el destino "GenerateAdditionalSources" debido a una condición falsa (False); ('@(AssemblyAttributes)' != '' and '$(GenerateAdditionalSources)' == 'true') se evaluó como ('' != '' and '' == 'true').
       Se omitió el destino "GenerateAssemblyInfo" debido a una condición falsa (False); ('$(GenerateAssemblyInfo)' == 'true') se evaluó como ('false' == 'true').
       Se omitió el destino "GenerateGlobalUsings" debido a una condición falsa (False); (@(Using->Count()) != 0) se evaluó como (0 != 0).
   1:7>Destino "BeforeCompile" en el archivo "C:\Program Files\dotnet\sdk\9.0.201\Microsoft.Common.CurrentVersion.targets" del proyecto "D:\PROGRAMAS_MIOS\NoFences\NoFences\NoFences.csproj" (el destino "Compile" depende de él):
   1:7>Compilación terminada del destino "BeforeCompile" en el proyecto "NoFences.csproj".
       Se omitió el destino "_TimeStampBeforeCompile" debido a una condición falsa (False); ('$(RunPostBuildEvent)'=='OnOutputUpdated' or ('$(RegisterForComInterop)'=='true' and '$(OutputType)'=='library')) se evaluó como (''=='OnOutputUpdated' or (''=='true' and 'WinExe'=='library')).
       Se omitió el destino "ResolveAssemblyReferences". Compilado previamente de forma correcta.
   1:7>Destino "_GenerateCompileDependencyCache" en el archivo "C:\Program Files\dotnet\sdk\9.0.201\Microsoft.Common.CurrentVersion.targets" del proyecto "D:\PROGRAMAS_MIOS\NoFences\NoFences\NoFences.csproj" (el destino "Compile" depende de él):
       Tarea "Hash"
       Ejecución de la tarea "Hash" terminada.
       Tarea "WriteLinesToFile"
         Omitiendo la escritura en el archivo "obj\Debug\net48\NoFences.csproj.CoreCompileInputs.cache" porque el contenido no cambiará.
       Ejecución de la tarea "WriteLinesToFile" terminada.
   1:7>Compilación terminada del destino "_GenerateCompileDependencyCache" en el proyecto "NoFences.csproj".
       Se omitió el destino "_ComputeNonExistentFileProperty" debido a una condición falsa (False); (('$(BuildingInsideVisualStudio)' == 'true') and ('$(BuildingOutOfProcess)' != 'true') and (('$(BuildingProject)' == 'false') or ('$(UseHostCompilerIfAvailable)' == 'true'))) se evaluó como (('' == 'true') and ('' != 'true') and (('true' == 'false') or ('true' == 'true'))).
       Se omitió el destino "ResolveCodeAnalysisRuleSet" debido a una condición falsa (False); ('$(CodeAnalysisRuleSet)' != '') se evaluó como ('' != '').
       Se omitió el destino "ShimReferencePathsWhenCommonTargetsDoesNotUnderstandReferenceAssemblies" debido a una condición falsa (False); ('@(ReferencePathWithRefAssemblies)' == '') se evaluó como ('C:\Users\Notbanzz\.nuget\packages\microsoft.bcl.asyncinterfaces\6.0.0\lib\net461\Microsoft.Bcl.AsyncInterfaces.dll;C:\Users\Notbanzz\.nuget\packages\microsoft.extensions.dependencyinjection.abstractions\6.0.0\lib\net461\Microsoft.Extensions.DependencyInjection.Abstractions.dll;C:\Users\Notbanzz\.nuget\packages\microsoft.extensions.dependencyinjection\6.0.0\lib\net461\Microsoft.Extensions.DependencyInjection.dll;...' == '').
   1:7>Destino "_BeforeVBCSCoreCompile" en el archivo "C:\Program Files\dotnet\sdk\9.0.201\Roslyn\Microsoft.Managed.Core.targets" del proyecto "D:\PROGRAMAS_MIOS\NoFences\NoFences\NoFences.csproj" (el destino "CoreCompile" depende de él):
   1:7>Compilación terminada del destino "_BeforeVBCSCoreCompile" en el proyecto "NoFences.csproj".
       Se omitió el destino "_DisableDiagnosticTracing" debido a una condición falsa (False); ('$(DisableDiagnosticTracing)' == 'true') se evaluó como ('' == 'true').
       Se omitió el destino "ShimReferencePathsWhenCommonTargetsDoesNotUnderstandReferenceAssemblies" debido a una condición falsa (False); ('@(ReferencePathWithRefAssemblies)' == '') se evaluó como ('C:\Users\Notbanzz\.nuget\packages\microsoft.bcl.asyncinterfaces\6.0.0\lib\net461\Microsoft.Bcl.AsyncInterfaces.dll;C:\Users\Notbanzz\.nuget\packages\microsoft.extensions.dependencyinjection.abstractions\6.0.0\lib\net461\Microsoft.Extensions.DependencyInjection.Abstractions.dll;C:\Users\Notbanzz\.nuget\packages\microsoft.extensions.dependencyinjection\6.0.0\lib\net461\Microsoft.Extensions.DependencyInjection.dll;...' == '').
   1:7>Destino "_ComputeSkipAnalyzers" en el archivo "C:\Program Files\dotnet\sdk\9.0.201\Roslyn\Microsoft.Managed.Core.targets" del proyecto "D:\PROGRAMAS_MIOS\NoFences\NoFences\NoFences.csproj" (el destino "CoreCompile" depende de él):
       Se omitió la tarea "ShowMessageForImplicitlySkipAnalyzers" debido a una condición falsa (False); ('$(_ImplicitlySkipAnalyzers)' == 'true') se evaluó como ('' == 'true').
   1:7>Compilación terminada del destino "_ComputeSkipAnalyzers" en el proyecto "NoFences.csproj".
       Se omitió el destino "_SetPathMapFromSourceRoots" debido a una condición falsa (False); ('$(DeterministicSourcePaths)' == 'true') se evaluó como ('' == 'true').
       Se omitió el destino "CreateCompilerGeneratedFilesOutputPath" debido a una condición falsa (False); ('$(EmitCompilerGeneratedFiles)' == 'true' and !('$(DesignTimeBuild)' == 'true' OR '$(BuildingProject)' != 'true')) se evaluó como ('false' == 'true' and !('' == 'true' OR 'true' != 'true')).
       Se omitió el destino "_CheckMicrosoftNetSdkCompilersToolsetPackageExists" debido a una condición falsa (False); ('$(_NeedToDownloadMicrosoftNetSdkCompilersToolsetPackage)' == 'true' and '$(DesignTimeBuild)' != 'true') se evaluó como ('' == 'true' and '' != 'true').
       Se omitió el destino "_SetEmbeddedFilesFromSourceControlManagerUntrackedFiles" debido a una condición falsa (False); ('$(EmbedUntrackedSources)' == 'true' and '$(EmbedAllSources)' != 'true' and '$(DebugType)' != 'none' and '$(EnableSourceControlManagerQueries)' == 'true' and '$(DesignTimeBuild)' != 'true') se evaluó como ('' == 'true' and '' != 'true' and 'portable' != 'none' and 'true' == 'true' and '' != 'true').
   1:7>Destino "InitializeSourceControlInformationFromSourceControlManager" en el archivo "C:\Program Files\dotnet\sdk\9.0.201\Sdks\Microsoft.Build.Tasks.Git\build\Microsoft.Build.Tasks.Git.targets" del proyecto "D:\PROGRAMAS_MIOS\NoFences\NoFences\NoFences.csproj" (el destino "_InitializeSourceControlInformationFromSourceControlManager" depende de él):
       Usando la tarea "Microsoft.Build.Tasks.Git.LocateRepository" del ensamblado "C:\Program Files\dotnet\sdk\9.0.201\Sdks\Microsoft.Build.Tasks.Git\build\..\tools\net\Microsoft.Build.Tasks.Git.dll".
       Tarea "Microsoft.Build.Tasks.Git.LocateRepository"
         SourceLink: Repository instance not found in cache: '*:D:\PROGRAMAS_MIOS\NoFences\.git'
       Ejecución de la tarea "Microsoft.Build.Tasks.Git.LocateRepository" terminada.
   1:7>Compilación terminada del destino "InitializeSourceControlInformationFromSourceControlManager" en el proyecto "NoFences.csproj".
   1:7>Destino "_SourceLinkHasSingleProvider" en el archivo "C:\Program Files\dotnet\sdk\9.0.201\Sdks\Microsoft.SourceLink.Common\build\InitializeSourceControlInformation.targets" del proyecto "D:\PROGRAMAS_MIOS\NoFences\NoFences\NoFences.csproj" (el destino "_InitializeSourceControlInformationFromSourceControlManager" depende de él):
       Ensamblado cargado durante TaskRun: Microsoft.SourceLink.Common, Version=9.0.11.11701, Culture=neutral, PublicKeyToken=31bf3856ad364e35(ubicación: C:\Program Files\dotnet\sdk\9.0.201\Sdks\Microsoft.SourceLink.Common\tools\net\Microsoft.SourceLink.Common.dll, MVID: e7b93933-92ac-4eda-8ab8-a1e1c543bfb2, AssemblyLoadContext: MSBuild plugin C:\Program Files\dotnet\sdk\9.0.201\Sdks\Microsoft.SourceLink.Common\tools\net\Microsoft.SourceLink.Common.dll)
       Usando la tarea "Microsoft.SourceLink.Common.SourceLinkHasSingleProvider" del ensamblado "C:\Program Files\dotnet\sdk\9.0.201\Sdks\Microsoft.SourceLink.Common\build\..\tools\net\Microsoft.SourceLink.Common.dll".
       Tarea "Microsoft.SourceLink.Common.SourceLinkHasSingleProvider"
       Ejecución de la tarea "Microsoft.SourceLink.Common.SourceLinkHasSingleProvider" terminada.
   1:7>Compilación terminada del destino "_SourceLinkHasSingleProvider" en el proyecto "NoFences.csproj".
   1:7>Destino "TranslateGitHubUrlsInSourceControlInformation" en el archivo "C:\Program Files\dotnet\sdk\9.0.201\Sdks\Microsoft.SourceLink.GitHub\build\Microsoft.SourceLink.GitHub.targets" del proyecto "D:\PROGRAMAS_MIOS\NoFences\NoFences\NoFences.csproj" (el destino "_InitializeSourceControlInformationFromSourceControlManager" depende de él):
       Ensamblado cargado durante TaskRun: Microsoft.SourceLink.GitHub, Version=9.0.11.11701, Culture=neutral, PublicKeyToken=31bf3856ad364e35(ubicación: C:\Program Files\dotnet\sdk\9.0.201\Sdks\Microsoft.SourceLink.GitHub\tools\net\Microsoft.SourceLink.GitHub.dll, MVID: de6eb21e-3e60-4c55-84da-db4085852056, AssemblyLoadContext: MSBuild plugin C:\Program Files\dotnet\sdk\9.0.201\Sdks\Microsoft.SourceLink.GitHub\tools\net\Microsoft.SourceLink.GitHub.dll)
       Usando la tarea "Microsoft.SourceLink.GitHub.TranslateRepositoryUrls" del ensamblado "C:\Program Files\dotnet\sdk\9.0.201\Sdks\Microsoft.SourceLink.GitHub\build\..\tools\net\Microsoft.SourceLink.GitHub.dll".
       Tarea "Microsoft.SourceLink.GitHub.TranslateRepositoryUrls"
       Ejecución de la tarea "Microsoft.SourceLink.GitHub.TranslateRepositoryUrls" terminada.
   1:7>Compilación terminada del destino "TranslateGitHubUrlsInSourceControlInformation" en el proyecto "NoFences.csproj".
   1:7>Destino "TranslateGitLabUrlsInSourceControlInformation" en el archivo "C:\Program Files\dotnet\sdk\9.0.201\Sdks\Microsoft.SourceLink.GitLab\build\Microsoft.SourceLink.GitLab.targets" del proyecto "D:\PROGRAMAS_MIOS\NoFences\NoFences\NoFences.csproj" (el destino "_InitializeSourceControlInformationFromSourceControlManager" depende de él):
       Ensamblado cargado durante TaskRun: Microsoft.SourceLink.GitLab, Version=9.0.11.11701, Culture=neutral, PublicKeyToken=31bf3856ad364e35(ubicación: C:\Program Files\dotnet\sdk\9.0.201\Sdks\Microsoft.SourceLink.GitLab\tools\net\Microsoft.SourceLink.GitLab.dll, MVID: ccdddc0a-7879-4673-a23d-bd877ae513a4, AssemblyLoadContext: MSBuild plugin C:\Program Files\dotnet\sdk\9.0.201\Sdks\Microsoft.SourceLink.GitLab\tools\net\Microsoft.SourceLink.GitLab.dll)
       Usando la tarea "Microsoft.SourceLink.GitLab.TranslateRepositoryUrls" del ensamblado "C:\Program Files\dotnet\sdk\9.0.201\Sdks\Microsoft.SourceLink.GitLab\build\..\tools\net\Microsoft.SourceLink.GitLab.dll".
       Tarea "Microsoft.SourceLink.GitLab.TranslateRepositoryUrls"
       Ejecución de la tarea "Microsoft.SourceLink.GitLab.TranslateRepositoryUrls" terminada.
   1:7>Compilación terminada del destino "TranslateGitLabUrlsInSourceControlInformation" en el proyecto "NoFences.csproj".
   1:7>Destino "TranslateAzureReposGitUrlsInSourceControlInformation" en el archivo "C:\Program Files\dotnet\sdk\9.0.201\Sdks\Microsoft.SourceLink.AzureRepos.Git\build\Microsoft.SourceLink.AzureRepos.Git.targets" del proyecto "D:\PROGRAMAS_MIOS\NoFences\NoFences\NoFences.csproj" (el destino "_InitializeSourceControlInformationFromSourceControlManager" depende de él):
       Ensamblado cargado durante TaskRun: Microsoft.SourceLink.AzureRepos.Git, Version=9.0.11.11701, Culture=neutral, PublicKeyToken=31bf3856ad364e35(ubicación: C:\Program Files\dotnet\sdk\9.0.201\Sdks\Microsoft.SourceLink.AzureRepos.Git\tools\net\Microsoft.SourceLink.AzureRepos.Git.dll, MVID: cc8362fa-d14c-4e8c-a855-a55f196817ae, AssemblyLoadContext: MSBuild plugin C:\Program Files\dotnet\sdk\9.0.201\Sdks\Microsoft.SourceLink.AzureRepos.Git\tools\net\Microsoft.SourceLink.AzureRepos.Git.dll)
       Usando la tarea "Microsoft.SourceLink.AzureRepos.Git.TranslateRepositoryUrls" del ensamblado "C:\Program Files\dotnet\sdk\9.0.201\Sdks\Microsoft.SourceLink.AzureRepos.Git\build\..\tools\net\Microsoft.SourceLink.AzureRepos.Git.dll".
       Tarea "Microsoft.SourceLink.AzureRepos.Git.TranslateRepositoryUrls"
       Ejecución de la tarea "Microsoft.SourceLink.AzureRepos.Git.TranslateRepositoryUrls" terminada.
   1:7>Compilación terminada del destino "TranslateAzureReposGitUrlsInSourceControlInformation" en el proyecto "NoFences.csproj".
   1:7>Destino "TranslateBitbucketGitUrlsInSourceControlInformation" en el archivo "C:\Program Files\dotnet\sdk\9.0.201\Sdks\Microsoft.SourceLink.Bitbucket.Git\build\Microsoft.SourceLink.Bitbucket.Git.targets" del proyecto "D:\PROGRAMAS_MIOS\NoFences\NoFences\NoFences.csproj" (el destino "_InitializeSourceControlInformationFromSourceControlManager" depende de él):
       Ensamblado cargado durante TaskRun: Microsoft.SourceLink.Bitbucket.Git, Version=9.0.11.11701, Culture=neutral, PublicKeyToken=31bf3856ad364e35(ubicación: C:\Program Files\dotnet\sdk\9.0.201\Sdks\Microsoft.SourceLink.Bitbucket.Git\tools\net\Microsoft.SourceLink.Bitbucket.Git.dll, MVID: 633cbf61-44e1-4706-8334-7e18ba081963, AssemblyLoadContext: MSBuild plugin C:\Program Files\dotnet\sdk\9.0.201\Sdks\Microsoft.SourceLink.Bitbucket.Git\tools\net\Microsoft.SourceLink.Bitbucket.Git.dll)
       Usando la tarea "Microsoft.SourceLink.Bitbucket.Git.TranslateRepositoryUrls" del ensamblado "C:\Program Files\dotnet\sdk\9.0.201\Sdks\Microsoft.SourceLink.Bitbucket.Git\build\..\tools\net\Microsoft.SourceLink.Bitbucket.Git.dll".
       Tarea "Microsoft.SourceLink.Bitbucket.Git.TranslateRepositoryUrls"
       Ejecución de la tarea "Microsoft.SourceLink.Bitbucket.Git.TranslateRepositoryUrls" terminada.
   1:7>Compilación terminada del destino "TranslateBitbucketGitUrlsInSourceControlInformation" en el proyecto "NoFences.csproj".
   1:7>Destino "SourceControlManagerPublishTranslatedUrls" en el archivo "C:\Program Files\dotnet\sdk\9.0.201\Sdks\Microsoft.SourceLink.Common\build\InitializeSourceControlInformation.targets" del proyecto "D:\PROGRAMAS_MIOS\NoFences\NoFences\NoFences.csproj" (el destino "_InitializeSourceControlInformationFromSourceControlManager" depende de él):
   1:7>Compilación terminada del destino "SourceControlManagerPublishTranslatedUrls" en el proyecto "NoFences.csproj".
   1:7>Destino "_InitializeSourceControlInformationFromSourceControlManager" en el archivo "C:\Program Files\dotnet\sdk\9.0.201\Sdks\Microsoft.SourceLink.Common\build\InitializeSourceControlInformation.targets" del proyecto "D:\PROGRAMAS_MIOS\NoFences\NoFences\NoFences.csproj" (el destino "InitializeSourceControlInformation" depende de él):
   1:7>Compilación terminada del destino "_InitializeSourceControlInformationFromSourceControlManager" en el proyecto "NoFences.csproj".
   1:7>Destino "InitializeSourceControlInformation" en el archivo "C:\Program Files\dotnet\sdk\9.0.201\Microsoft.Common.CurrentVersion.targets" del proyecto "D:\PROGRAMAS_MIOS\NoFences\NoFences\NoFences.csproj" (el destino "GenerateSourceLinkFile" depende de él):
   1:7>Compilación terminada del destino "InitializeSourceControlInformation" en el proyecto "NoFences.csproj".
   1:7>Destino "_SetSourceLinkFilePath" en el archivo "C:\Program Files\dotnet\sdk\9.0.201\Sdks\Microsoft.SourceLink.Common\build\Microsoft.SourceLink.Common.targets" del proyecto "D:\PROGRAMAS_MIOS\NoFences\NoFences\NoFences.csproj" (el destino "_GenerateSourceLinkFile" depende de él):
   1:7>Compilación terminada del destino "_SetSourceLinkFilePath" en el proyecto "NoFences.csproj".
       Se omitió el destino "InitializeSourceControlInformation". Compilado previamente de forma correcta.
   1:7>Destino "_InitializeSourceRootMappedPathsFromSourceControl" en el archivo "C:\Program Files\dotnet\sdk\9.0.201\Roslyn\Microsoft.Managed.Core.targets" del proyecto "D:\PROGRAMAS_MIOS\NoFences\NoFences\NoFences.csproj" (el destino "InitializeSourceRootMappedPaths" depende de él):
   1:7>Compilación terminada del destino "_InitializeSourceRootMappedPathsFromSourceControl" en el proyecto "NoFences.csproj".
   1:7>Destino "InitializeSourceRootMappedPaths" en el archivo "C:\Program Files\dotnet\sdk\9.0.201\Roslyn\Microsoft.Managed.Core.targets" del proyecto "D:\PROGRAMAS_MIOS\NoFences\NoFences\NoFences.csproj" (el destino "_InitializeSourceRootMappedPathsOpt" depende de él):
       Usando la tarea "Microsoft.CodeAnalysis.BuildTasks.MapSourceRoots" del ensamblado "C:\Program Files\dotnet\sdk\9.0.201\Roslyn\Microsoft.Build.Tasks.CodeAnalysis.dll".
       Tarea "Microsoft.CodeAnalysis.BuildTasks.MapSourceRoots"
       Ejecución de la tarea "Microsoft.CodeAnalysis.BuildTasks.MapSourceRoots" terminada.
   1:7>Compilación terminada del destino "InitializeSourceRootMappedPaths" en el proyecto "NoFences.csproj".
   1:7>Destino "_InitializeSourceRootMappedPathsOpt" en el archivo "C:\Program Files\dotnet\sdk\9.0.201\Sdks\Microsoft.SourceLink.Common\build\Microsoft.SourceLink.Common.targets" del proyecto "D:\PROGRAMAS_MIOS\NoFences\NoFences\NoFences.csproj" (el destino "_GenerateSourceLinkFile" depende de él):
   1:7>Compilación terminada del destino "_InitializeSourceRootMappedPathsOpt" en el proyecto "NoFences.csproj".
   1:7>Destino "_InitializeGitHubSourceLinkUrl" en el archivo "C:\Program Files\dotnet\sdk\9.0.201\Sdks\Microsoft.SourceLink.GitHub\build\Microsoft.SourceLink.GitHub.targets" del proyecto "D:\PROGRAMAS_MIOS\NoFences\NoFences\NoFences.csproj" (el destino "_GenerateSourceLinkFile" depende de él):
       Compilando completamente el destino "_InitializeGitHubSourceLinkUrl".
       No se especificaron archivos de entrada.
       Usando la tarea "Microsoft.SourceLink.GitHub.GetSourceLinkUrl" del ensamblado "C:\Program Files\dotnet\sdk\9.0.201\Sdks\Microsoft.SourceLink.GitHub\build\..\tools\net\Microsoft.SourceLink.GitHub.dll".
       Tarea "Microsoft.SourceLink.GitHub.GetSourceLinkUrl"
       Ejecución de la tarea "Microsoft.SourceLink.GitHub.GetSourceLinkUrl" terminada.
   1:7>Compilación terminada del destino "_InitializeGitHubSourceLinkUrl" en el proyecto "NoFences.csproj".
   1:7>Destino "_InitializeGitHubSourceLinkUrl" en el archivo "C:\Program Files\dotnet\sdk\9.0.201\Sdks\Microsoft.SourceLink.GitHub\build\Microsoft.SourceLink.GitHub.targets" del proyecto "D:\PROGRAMAS_MIOS\NoFences\NoFences\NoFences.csproj" (el destino "_GenerateSourceLinkFile" depende de él):
       Compilando completamente el destino "_InitializeGitHubSourceLinkUrl".
       No se especificaron archivos de entrada.
       Tarea "Microsoft.SourceLink.GitHub.GetSourceLinkUrl"
       Ejecución de la tarea "Microsoft.SourceLink.GitHub.GetSourceLinkUrl" terminada.
   1:7>Compilación terminada del destino "_InitializeGitHubSourceLinkUrl" en el proyecto "NoFences.csproj".
   1:7>Destino "_InitializeGitHubSourceLinkUrl" en el archivo "C:\Program Files\dotnet\sdk\9.0.201\Sdks\Microsoft.SourceLink.GitHub\build\Microsoft.SourceLink.GitHub.targets" del proyecto "D:\PROGRAMAS_MIOS\NoFences\NoFences\NoFences.csproj" (el destino "_GenerateSourceLinkFile" depende de él):
       Compilando completamente el destino "_InitializeGitHubSourceLinkUrl".
       No se especificaron archivos de entrada.
       Tarea "Microsoft.SourceLink.GitHub.GetSourceLinkUrl"
       Ejecución de la tarea "Microsoft.SourceLink.GitHub.GetSourceLinkUrl" terminada.
   1:7>Compilación terminada del destino "_InitializeGitHubSourceLinkUrl" en el proyecto "NoFences.csproj".
   1:7>Destino "_InitializeGitLabSourceLinkUrl" en el archivo "C:\Program Files\dotnet\sdk\9.0.201\Sdks\Microsoft.SourceLink.GitLab\build\Microsoft.SourceLink.GitLab.targets" del proyecto "D:\PROGRAMAS_MIOS\NoFences\NoFences\NoFences.csproj" (el destino "_GenerateSourceLinkFile" depende de él):
       Compilando completamente el destino "_InitializeGitLabSourceLinkUrl".
       No se especificaron archivos de entrada.
       Usando la tarea "Microsoft.SourceLink.GitLab.GetSourceLinkUrl" del ensamblado "C:\Program Files\dotnet\sdk\9.0.201\Sdks\Microsoft.SourceLink.GitLab\build\..\tools\net\Microsoft.SourceLink.GitLab.dll".
       Tarea "Microsoft.SourceLink.GitLab.GetSourceLinkUrl"
       Ejecución de la tarea "Microsoft.SourceLink.GitLab.GetSourceLinkUrl" terminada.
   1:7>Compilación terminada del destino "_InitializeGitLabSourceLinkUrl" en el proyecto "NoFences.csproj".
   1:7>Destino "_InitializeGitLabSourceLinkUrl" en el archivo "C:\Program Files\dotnet\sdk\9.0.201\Sdks\Microsoft.SourceLink.GitLab\build\Microsoft.SourceLink.GitLab.targets" del proyecto "D:\PROGRAMAS_MIOS\NoFences\NoFences\NoFences.csproj" (el destino "_GenerateSourceLinkFile" depende de él):
       Compilando completamente el destino "_InitializeGitLabSourceLinkUrl".
       No se especificaron archivos de entrada.
       Tarea "Microsoft.SourceLink.GitLab.GetSourceLinkUrl"
       Ejecución de la tarea "Microsoft.SourceLink.GitLab.GetSourceLinkUrl" terminada.
   1:7>Compilación terminada del destino "_InitializeGitLabSourceLinkUrl" en el proyecto "NoFences.csproj".
   1:7>Destino "_InitializeGitLabSourceLinkUrl" en el archivo "C:\Program Files\dotnet\sdk\9.0.201\Sdks\Microsoft.SourceLink.GitLab\build\Microsoft.SourceLink.GitLab.targets" del proyecto "D:\PROGRAMAS_MIOS\NoFences\NoFences\NoFences.csproj" (el destino "_GenerateSourceLinkFile" depende de él):
       Compilando completamente el destino "_InitializeGitLabSourceLinkUrl".
       No se especificaron archivos de entrada.
       Tarea "Microsoft.SourceLink.GitLab.GetSourceLinkUrl"
       Ejecución de la tarea "Microsoft.SourceLink.GitLab.GetSourceLinkUrl" terminada.
   1:7>Compilación terminada del destino "_InitializeGitLabSourceLinkUrl" en el proyecto "NoFences.csproj".
   1:7>Destino "_InitializeAzureReposGitSourceLinkUrl" en el archivo "C:\Program Files\dotnet\sdk\9.0.201\Sdks\Microsoft.SourceLink.AzureRepos.Git\build\Microsoft.SourceLink.AzureRepos.Git.targets" del proyecto "D:\PROGRAMAS_MIOS\NoFences\NoFences\NoFences.csproj" (el destino "_GenerateSourceLinkFile" depende de él):
       Compilando completamente el destino "_InitializeAzureReposGitSourceLinkUrl".
       No se especificaron archivos de entrada.
       Usando la tarea "Microsoft.SourceLink.AzureRepos.Git.GetSourceLinkUrl" del ensamblado "C:\Program Files\dotnet\sdk\9.0.201\Sdks\Microsoft.SourceLink.AzureRepos.Git\build\..\tools\net\Microsoft.SourceLink.AzureRepos.Git.dll".
       Tarea "Microsoft.SourceLink.AzureRepos.Git.GetSourceLinkUrl"
       Ejecución de la tarea "Microsoft.SourceLink.AzureRepos.Git.GetSourceLinkUrl" terminada.
   1:7>Compilación terminada del destino "_InitializeAzureReposGitSourceLinkUrl" en el proyecto "NoFences.csproj".
   1:7>Destino "_InitializeAzureReposGitSourceLinkUrl" en el archivo "C:\Program Files\dotnet\sdk\9.0.201\Sdks\Microsoft.SourceLink.AzureRepos.Git\build\Microsoft.SourceLink.AzureRepos.Git.targets" del proyecto "D:\PROGRAMAS_MIOS\NoFences\NoFences\NoFences.csproj" (el destino "_GenerateSourceLinkFile" depende de él):
       Compilando completamente el destino "_InitializeAzureReposGitSourceLinkUrl".
       No se especificaron archivos de entrada.
       Tarea "Microsoft.SourceLink.AzureRepos.Git.GetSourceLinkUrl"
       Ejecución de la tarea "Microsoft.SourceLink.AzureRepos.Git.GetSourceLinkUrl" terminada.
   1:7>Compilación terminada del destino "_InitializeAzureReposGitSourceLinkUrl" en el proyecto "NoFences.csproj".
   1:7>Destino "_InitializeAzureReposGitSourceLinkUrl" en el archivo "C:\Program Files\dotnet\sdk\9.0.201\Sdks\Microsoft.SourceLink.AzureRepos.Git\build\Microsoft.SourceLink.AzureRepos.Git.targets" del proyecto "D:\PROGRAMAS_MIOS\NoFences\NoFences\NoFences.csproj" (el destino "_GenerateSourceLinkFile" depende de él):
       Compilando completamente el destino "_InitializeAzureReposGitSourceLinkUrl".
       No se especificaron archivos de entrada.
       Tarea "Microsoft.SourceLink.AzureRepos.Git.GetSourceLinkUrl"
       Ejecución de la tarea "Microsoft.SourceLink.AzureRepos.Git.GetSourceLinkUrl" terminada.
   1:7>Compilación terminada del destino "_InitializeAzureReposGitSourceLinkUrl" en el proyecto "NoFences.csproj".
   1:7>Destino "_InitializeBitbucketGitSourceLinkUrl" en el archivo "C:\Program Files\dotnet\sdk\9.0.201\Sdks\Microsoft.SourceLink.Bitbucket.Git\build\Microsoft.SourceLink.Bitbucket.Git.targets" del proyecto "D:\PROGRAMAS_MIOS\NoFences\NoFences\NoFences.csproj" (el destino "_GenerateSourceLinkFile" depende de él):
       Compilando completamente el destino "_InitializeBitbucketGitSourceLinkUrl".
       No se especificaron archivos de entrada.
       Usando la tarea "Microsoft.SourceLink.Bitbucket.Git.GetSourceLinkUrl" del ensamblado "C:\Program Files\dotnet\sdk\9.0.201\Sdks\Microsoft.SourceLink.Bitbucket.Git\build\..\tools\net\Microsoft.SourceLink.Bitbucket.Git.dll".
       Tarea "Microsoft.SourceLink.Bitbucket.Git.GetSourceLinkUrl"
       Ejecución de la tarea "Microsoft.SourceLink.Bitbucket.Git.GetSourceLinkUrl" terminada.
   1:7>Compilación terminada del destino "_InitializeBitbucketGitSourceLinkUrl" en el proyecto "NoFences.csproj".
   1:7>Destino "_InitializeBitbucketGitSourceLinkUrl" en el archivo "C:\Program Files\dotnet\sdk\9.0.201\Sdks\Microsoft.SourceLink.Bitbucket.Git\build\Microsoft.SourceLink.Bitbucket.Git.targets" del proyecto "D:\PROGRAMAS_MIOS\NoFences\NoFences\NoFences.csproj" (el destino "_GenerateSourceLinkFile" depende de él):
       Compilando completamente el destino "_InitializeBitbucketGitSourceLinkUrl".
       No se especificaron archivos de entrada.
       Tarea "Microsoft.SourceLink.Bitbucket.Git.GetSourceLinkUrl"
       Ejecución de la tarea "Microsoft.SourceLink.Bitbucket.Git.GetSourceLinkUrl" terminada.
   1:7>Compilación terminada del destino "_InitializeBitbucketGitSourceLinkUrl" en el proyecto "NoFences.csproj".
   1:7>Destino "_InitializeBitbucketGitSourceLinkUrl" en el archivo "C:\Program Files\dotnet\sdk\9.0.201\Sdks\Microsoft.SourceLink.Bitbucket.Git\build\Microsoft.SourceLink.Bitbucket.Git.targets" del proyecto "D:\PROGRAMAS_MIOS\NoFences\NoFences\NoFences.csproj" (el destino "_GenerateSourceLinkFile" depende de él):
       Compilando completamente el destino "_InitializeBitbucketGitSourceLinkUrl".
       No se especificaron archivos de entrada.
       Tarea "Microsoft.SourceLink.Bitbucket.Git.GetSourceLinkUrl"
       Ejecución de la tarea "Microsoft.SourceLink.Bitbucket.Git.GetSourceLinkUrl" terminada.
   1:7>Compilación terminada del destino "_InitializeBitbucketGitSourceLinkUrl" en el proyecto "NoFences.csproj".
   1:7>Destino "_GenerateSourceLinkFile" en el archivo "C:\Program Files\dotnet\sdk\9.0.201\Sdks\Microsoft.SourceLink.Common\build\Microsoft.SourceLink.Common.targets" del proyecto "D:\PROGRAMAS_MIOS\NoFences\NoFences\NoFences.csproj" (el destino "GenerateSourceLinkFile" depende de él):
       Compilando completamente el destino "_GenerateSourceLinkFile".
       No se especificaron archivos de entrada.
       Usando la tarea "Microsoft.SourceLink.Common.GenerateSourceLinkFile" del ensamblado "C:\Program Files\dotnet\sdk\9.0.201\Sdks\Microsoft.SourceLink.Common\build\..\tools\net\Microsoft.SourceLink.Common.dll".
       Tarea "Microsoft.SourceLink.Common.GenerateSourceLinkFile"
         Ensamblado cargado durante TaskRun (Microsoft.SourceLink.Common.GenerateSourceLinkFile): Microsoft.SourceLink.Common.resources, Version=9.0.11.11701, Culture=es, PublicKeyToken=31bf3856ad364e35(ubicación: C:\Program Files\dotnet\sdk\9.0.201\Sdks\Microsoft.SourceLink.Common\tools\net\es\Microsoft.SourceLink.Common.resources.dll, MVID: f0cc21c8-a48a-4716-889d-0ede412b97cc, AssemblyLoadContext: MSBuild plugin C:\Program Files\dotnet\sdk\9.0.201\Sdks\Microsoft.SourceLink.Common\tools\net\Microsoft.SourceLink.Common.dll)
         El archivo de Source Link 'obj\Debug\net48\NoFences.sourcelink.json' está actualizado.
       Ejecución de la tarea "Microsoft.SourceLink.Common.GenerateSourceLinkFile" terminada.
   1:7>Compilación terminada del destino "_GenerateSourceLinkFile" en el proyecto "NoFences.csproj".
   1:7>Destino "GenerateSourceLinkFile" en el archivo "C:\Program Files\dotnet\sdk\9.0.201\Sdks\Microsoft.SourceLink.Common\build\Microsoft.SourceLink.Common.targets" del proyecto "D:\PROGRAMAS_MIOS\NoFences\NoFences\NoFences.csproj" (el destino "CoreCompile" depende de él):
   1:7>Compilación terminada del destino "GenerateSourceLinkFile" en el proyecto "NoFences.csproj".
       Se omitió el destino "GenerateAssemblyInfo" debido a una condición falsa (False); ('$(GenerateAssemblyInfo)' == 'true') se evaluó como ('false' == 'true').
       Se omitió el destino "GenerateGlobalUsings" debido a una condición falsa (False); (@(Using->Count()) != 0) se evaluó como (0 != 0).
       Se omitió el destino "CheckForDuplicatePageItems" debido a una condición falsa (False); (('$(UseWPF)' == 'true') And ('$(_TargetFrameworkVersionValue)' != '$(_UndefinedTargetFrameworkVersion)') And ('$(_TargetFrameworkVersionValue)' >= '$(_WindowsDesktopSdkTargetFrameworkVersionFloor)')) se evaluó como (('' == 'true') And ('4.8' != '0.0') And ('4.8' >= '3.0')).
   1:7>Destino "CoreCompile" en el archivo "C:\Program Files\dotnet\sdk\9.0.201\Roslyn\Microsoft.CSharp.Core.targets" del proyecto "D:\PROGRAMAS_MIOS\NoFences\NoFences\NoFences.csproj" (el destino "Compile" depende de él):
       Compilando completamente el destino "CoreCompile".
       El archivo de entrada "FenceWindow.cs" es más reciente que el archivo de salida "obj\Debug\net48\NoFences.pdb".
       Usando la tarea "Csc" del ensamblado "C:\Program Files\dotnet\sdk\9.0.201\Roslyn\Microsoft.Build.Tasks.CodeAnalysis.dll".
       Tarea "Csc"
         C:\Program Files\dotnet\dotnet.exe exec "C:\Program Files\dotnet\sdk\9.0.201\Roslyn\bincore\csc.dll" /noconfig /unsafe- /checked- /nowarn:1701,1702,1701,1702 /fullpaths /nostdlib+ /platform:AnyCPU /errorreport:prompt /warn:4 /define:TRACE;DEBUG;NETFRAMEWORK;NET48;NET30_OR_GREATER;NET35_OR_GREATER;NET40_OR_GREATER;NET45_OR_GREATER;NET451_OR_GREATER;NET452_OR_GREATER;NET46_OR_GREATER;NET461_OR_GREATER;NET462_OR_GREATER;NET47_OR_GREATER;NET471_OR_GREATER;NET472_OR_GREATER;NET48_OR_GREATER /main:NoFences.Program /highentropyva+ /reference:C:\Users\Notbanzz\.nuget\packages\microsoft.bcl.asyncinterfaces\6.0.0\lib\net461\Microsoft.Bcl.AsyncInterfaces.dll /reference:C:\Users\Notbanzz\.nuget\packages\microsoft.extensions.dependencyinjection.abstractions\6.0.0\lib\net461\Microsoft.Extensions.DependencyInjection.Abstractions.dll /reference:C:\Users\Notbanzz\.nuget\packages\microsoft.extensions.dependencyinjection\6.0.0\lib\net461\Microsoft.Extensions.DependencyInjection.dll /reference:"C:\Program Files (x86)\Reference Assemblies\Microsoft\Framework\.NETFramework\v4.8\mscorlib.dll" /reference:C:\Users\Notbanzz\.nuget\packages\newtonsoft.json\13.0.3\lib\net45\Newtonsoft.Json.dll /reference:C:\Users\Notbanzz\.nuget\packages\nlog\5.2.8\lib\net46\NLog.dll /reference:C:\Users\Notbanzz\.nuget\packages\system.buffers\4.5.1\ref\net45\System.Buffers.dll /reference:"C:\Program Files (x86)\Reference Assemblies\Microsoft\Framework\.NETFramework\v4.8\System.Configuration.dll" /reference:"C:\Program Files (x86)\Reference Assemblies\Microsoft\Framework\.NETFramework\v4.8\System.Core.dll" /reference:"C:\Program Files (x86)\Reference Assemblies\Microsoft\Framework\.NETFramework\v4.8\System.Data.dll" /reference:"C:\Program Files (x86)\Reference Assemblies\Microsoft\Framework\.NETFramework\v4.8\System.dll" /reference:"C:\Program Files (x86)\Reference Assemblies\Microsoft\Framework\.NETFramework\v4.8\System.Drawing.dll" /reference:"C:\Program Files (x86)\Reference Assemblies\Microsoft\Framework\.NETFramework\v4.8\System.IO.Compression.dll" /reference:"C:\Program Files (x86)\Reference Assemblies\Microsoft\Framework\.NETFramework\v4.8\System.IO.Compression.FileSystem.dll" /reference:C:\Users\Notbanzz\.nuget\packages\system.memory\4.5.4\lib\net461\System.Memory.dll /reference:"C:\Program Files (x86)\Reference Assemblies\Microsoft\Framework\.NETFramework\v4.8\System.Numerics.dll" /reference:C:\Users\Notbanzz\.nuget\packages\system.numerics.vectors\4.5.0\ref\net46\System.Numerics.Vectors.dll /reference:C:\Users\Notbanzz\.nuget\packages\system.resources.extensions\6.0.0\lib\net461\System.Resources.Extensions.dll /reference:C:\Users\Notbanzz\.nuget\packages\system.runtime.compilerservices.unsafe\6.0.0\lib\net461\System.Runtime.CompilerServices.Unsafe.dll /reference:"C:\Program Files (x86)\Reference Assemblies\Microsoft\Framework\.NETFramework\v4.8\System.Runtime.Serialization.dll" /reference:C:\Users\Notbanzz\.nuget\packages\system.threading.tasks.extensions\4.5.4\lib\net461\System.Threading.Tasks.Extensions.dll /reference:"C:\Program Files (x86)\Reference Assemblies\Microsoft\Framework\.NETFramework\v4.8\System.Windows.Forms.dll" /reference:"C:\Program Files (x86)\Reference Assemblies\Microsoft\Framework\.NETFramework\v4.8\System.Xml.dll" /reference:"C:\Program Files (x86)\Reference Assemblies\Microsoft\Framework\.NETFramework\v4.8\System.Xml.Linq.dll" /debug+ /debug:portable /filealign:512 /optimize- /out:obj\Debug\net48\NoFences.exe /subsystemversion:6.00 /resource:obj\Debug\net48\NoFences.EditDialog.resources /resource:obj\Debug\net48\NoFences.FenceWindow.resources /resource:obj\Debug\net48\NoFences.HeightDialog.resources /resource:obj\Debug\net48\NoFences.Properties.Resources.resources /target:winexe /warnaserror- /utf8output /win32manifest:app.manifest /deterministic+ /sourcelink:obj\Debug\net48\NoFences.sourcelink.json /langversion:7.3 /analyzerconfig:obj\Debug\net48\NoFences.GeneratedMSBuildEditorConfig.editorconfig /additionalfile:app.manifest Commands\RelayCommand.cs Core\DependencyInjection.cs EditDialog.cs EditDialog.Designer.cs FenceWindow.cs FenceWindow.Designer.cs HeightDialog.cs HeightDialog.Designer.cs Migrations\XmlToJsonMigrator.cs Model\EntryType.cs Model\FenceEntry.cs Model\FenceInfo.cs Model\FenceManager.cs Persistence\JsonPersistenceService.cs Program.cs Properties\AssemblyInfo.cs Properties\Resources.Designer.cs Properties\Settings.Designer.cs Services\ErrorHandlingService.cs Services\FenceService.cs Services\LoggingService.cs UI\ColorPickerWindow.cs UI\FenceMenuRenderer.cs UI\Pages\GeneralPage.cs UI\Pages\PersonalizationPage.cs UI\SettingsWindow.cs Util\ColorUtil.cs Util\Extensions.cs Util\ThrottledExecution.cs Util\ThumbnailProvider.cs ViewModels\BaseViewModel.cs Win32\BlurUtil.cs Win32\DesktopUtil.cs Win32\DropShadow.cs Win32\IconUtil.cs Win32\ShellContextMenu.cs Win32\WindowUtil.cs "obj\Debug\net48\.NETFramework,Version=v4.8.AssemblyAttributes.cs" /warnaserror+:NU1605
         Ensamblado cargado durante TaskRun (Microsoft.CodeAnalysis.BuildTasks.Csc): System.IO.Pipes, Version=9.0.0.0, Culture=neutral, PublicKeyToken=b03f5f7f11d50a3a(ubicación: C:\Program Files\dotnet\shared\Microsoft.NETCore.App\9.0.3\System.IO.Pipes.dll, MVID: 2cdcc652-c5eb-4c60-9d44-b3e3686680c6, AssemblyLoadContext: Default)
         Ensamblado cargado durante TaskRun (Microsoft.CodeAnalysis.BuildTasks.Csc): System.Security.AccessControl, Version=9.0.0.0, Culture=neutral, PublicKeyToken=b03f5f7f11d50a3a(ubicación: C:\Program Files\dotnet\shared\Microsoft.NETCore.App\9.0.3\System.Security.AccessControl.dll, MVID: 8a4a2afa-2f82-469b-9ce2-30e5a8d711cc, AssemblyLoadContext: Default)
         Compilador de Microsoft (R) Visual C# versión 4.13.0-3.25112.7 (afe5bc4a)
         Copyright (C) Microsoft Corporation. Todos los derechos reservados.
   1:7>D:\PROGRAMAS_MIOS\NoFences\NoFences\FenceWindow.cs(440,17): error CS0246: El nombre del tipo o del espacio de nombres 'List<>' no se encontró (¿falta una directiva using o una referencia de ensamblado?) [D:\PROGRAMAS_MIOS\NoFences\NoFences\NoFences.csproj]
         CompilerServer: server - server processed compilation - NoFences (net48)
       Ejecución de la tarea "Csc" terminada -- ERROR.
   1:7>Compilación terminada del destino "CoreCompile" en el proyecto "NoFences.csproj" -- ERROR.
   1:7>Destino "_CheckForCompileOutputs" en el archivo "C:\Program Files\dotnet\sdk\9.0.201\Microsoft.Common.CurrentVersion.targets" del proyecto "D:\PROGRAMAS_MIOS\NoFences\NoFences\NoFences.csproj" (el destino "_CleanGetCurrentAndPriorFileWrites" depende de él):
   1:7>Compilación terminada del destino "_CheckForCompileOutputs" en el proyecto "NoFences.csproj".
       Se omitió el destino "_SGenCheckForOutputs" debido a una condición falsa (False); ('$(_SGenGenerateSerializationAssembliesConfig)' == 'On' or ('@(WebReferenceUrl)'!='' and '$(_SGenGenerateSerializationAssembliesConfig)' == 'Auto')) se evaluó como ('Off' == 'On' or (''!='' and 'Off' == 'Auto')).
   1:7>Destino "_CleanGetCurrentAndPriorFileWrites" en el archivo "C:\Program Files\dotnet\sdk\9.0.201\Microsoft.Common.CurrentVersion.targets" del proyecto "D:\PROGRAMAS_MIOS\NoFences\NoFences\NoFences.csproj" (el destino "_CleanRecordFileWrites" depende de él):
       Usando la tarea "ReadLinesFromFile" del ensamblado "Microsoft.Build.Tasks.Core, Version=15.1.0.0, Culture=neutral, PublicKeyToken=b03f5f7f11d50a3a".
       Tarea "ReadLinesFromFile"
       Ejecución de la tarea "ReadLinesFromFile" terminada.
       Tarea "ConvertToAbsolutePath"
       Ejecución de la tarea "ConvertToAbsolutePath" terminada.
       Usando la tarea "FindUnderPath" del ensamblado "Microsoft.Build.Tasks.Core, Version=15.1.0.0, Culture=neutral, PublicKeyToken=b03f5f7f11d50a3a".
       Tarea "FindUnderPath"
         La ruta de comparación es "D:\PROGRAMAS_MIOS\NoFences\NoFences".
       Ejecución de la tarea "FindUnderPath" terminada.
       Tarea "FindUnderPath"
         La ruta de comparación es "bin\Debug\net48\".
       Ejecución de la tarea "FindUnderPath" terminada.
       Tarea "FindUnderPath"
         La ruta de comparación es "obj\Debug\net48\".
       Ejecución de la tarea "FindUnderPath" terminada.
       Tarea "RemoveDuplicates"
       Ejecución de la tarea "RemoveDuplicates" terminada.
   1:7>Compilación terminada del destino "_CleanGetCurrentAndPriorFileWrites" en el proyecto "NoFences.csproj".
   1:7>Destino "_CleanRecordFileWrites" en el archivo "C:\Program Files\dotnet\sdk\9.0.201\Microsoft.Common.CurrentVersion.targets" del proyecto "D:\PROGRAMAS_MIOS\NoFences\NoFences\NoFences.csproj" (el destino "CoreBuild" depende de él):
       Tarea "RemoveDuplicates"
       Ejecución de la tarea "RemoveDuplicates" terminada.
       Tarea "MakeDir"
       Ejecución de la tarea "MakeDir" terminada.
       Tarea "WriteLinesToFile"
         Omitiendo la escritura en el archivo "obj\Debug\net48\NoFences.csproj.FileListAbsolute.txt" porque el contenido no cambiará.
       Ejecución de la tarea "WriteLinesToFile" terminada.
   1:7>Compilación terminada del destino "_CleanRecordFileWrites" en el proyecto "NoFences.csproj".
   1:7>Compilación del proyecto terminada "D:\PROGRAMAS_MIOS\NoFences\NoFences\NoFences.csproj" (destinos predeterminados) -- ERROR.

ERROR al compilar.

       "D:\PROGRAMAS_MIOS\NoFences\NoFences\NoFences.csproj" (destino predeterminado) (1:7) ->
       (CoreCompile destino) -> 
         D:\PROGRAMAS_MIOS\NoFences\NoFences\FenceWindow.cs(440,17): error CS0246: El nombre del tipo o del espacio de nombres 'List<>' no se encontró (¿falta una directiva using o una referencia de ensamblado?) [D:\PROGRAMAS_MIOS\NoFences\NoFences\NoFences.csproj]

    0 Advertencia(s)
    1 Errores

Tiempo transcurrido 00:00:01.02
